:020000040000FA
:10000000F81C2020FD010000010200000302000096
:1000100000000000000000000000000000000000E0
:1000200000000000000000000000000005020000C9
:10003000000000000000000007020000D18A00005C
:100040000B0200002D2D00000B0200000B0200002F
:100050000B0200000B0200000B0200000B0200006C
:10006000000000000B0200000B0200000000000076
:10007000000000000B0200000B0200000B02000059
:100080000B0200000B0200000B0200000B0200003C
:100090000B0200000B020000000000000000000046
:1000A0000B0200000B020000000000000000000036
:1000B0000B020000000000000B0200000B02000019
:1000C00000F002F800F06EF812A030C808382418CA
:1000D0002D18AC4201D100F065F80FCCA246AB461A
:1000E0000CA730CF2D1B083F3F197C427F1E544484
:1000F0002D090426F441641EAC4201D300F052F8ED
:100100000126334200D0FB1A3343984754465D46DC
:10011000DFE700008CDA0000ACDA0000000000002D
:10012000103A02D378C878C1FAD8520701D330C840
:1001300030C101D504680C60704700000000000069
:100140007047000000000000002300240025002666
:10015000103A01D378C1FBD8520700D330C100D583
:100160000B60704710B5642902D100F0CDF810BDC6
:10017000752902D100F0C8F810BD782902D100F02D
:10018000F9F810BD632902D100F03BFD10BD7329C1
:1001900002D100F03EFD10BD002010BD1FB51FBDF7
:1001A00010B510BD00F084FD1146FFF7F7FF0AF00F
:1001B00059FA00F09CFD03B4FFF7F2FF03BC00F016
:1001C000EDFD000070B505460C46164602E00FCC6A
:1001D0000FC5103E102EFAD2082E02D303CC03C551
:1001E000083E042E07D301CC01C5361F03E0217859
:1001F0002970641C6D1C761EF9D270BD064800473C
:10020000FEE7FEE7FEE7FEE7FEE7FEE703480449F8
:10021000024A044B70470000C1000000F80C202087
:10022000F81C2020F80C20200FB41CB50C0007AAE5
:10023000009007D04142A14202D30019401E01E0C4
:100240000020C043074B7B4469460190069800F0AC
:10025000B2FC0020002C01D0009908701CBC08BC26
:1002600004B018479309000070B50446856900681A
:10027000C10601D5302600E02026C00707D070BD9A
:1002800062683046A1689047206A401C20626D1E5B
:10029000F6D570BD70B5044685690078C00707D1F2
:1002A00070BD6268A16820209047206A401C2062CF
:1002B0006D1EF6D570BD70B50C460546012A05D0F9
:1002C0002878800600D5EA69002302E0012305E0D2
:1002D0005B1C934202D2E05C0028F9D1A869E618C1
:1002E000C01AA861286AC01828622846FFF7BCFF18
:1002F00004E06A682078A968641C9047B442F8D387
:100300002846FFF7C7FF70BDF7B5002575291068AF
:10031000009914A611D0C046C046002802DA404217
:1003200011A608E0009909688A0701D50FA602E026
:10033000490704D50EA6012501E0C046C046009F2E
:100340000024243704E000F068FC30313955641C87
:100350000028F8D12B4632462146009800F0CDFB0C
:10036000FEBD0000000000002D0000002B0000007A
:100370002000000070B504460D4621461068C046B6
:10038000C0462188090502D50F4A7A4402E00E4A88
:100390007A440E3223460021243305E00607000983
:1003A000360F965D5E54491C0028F7D12078002353
:1003B000000705D5702D03D0002901D0022311328A
:1003C000204600F09AFB70BD9AA80000F3B50446E1
:1003D000002081B020622046E1688847002872D062
:1003E000252802D06268A168ABE0594F00267F44FF
:1003F0002046E16888472028054608DB312D06D2D3
:10040000781920380078002801D00643F0E7B007BB
:1004100001D5042086430020E0610746A0612A2D13
:100420000AD028460AF074FA002827D0B80000192C
:10043000303D0090856119E00298BA00121902C897
:10044000916102902046E1688847012F054617D147
:10045000E06900281FDA202086431CE000980A216A
:100460008069484300994019303888612046E16826
:10047000884705460AF04CFA0028EFD1012F0AD030
:100480002E2D08D12046E1688847054620200643E6
:100490007F1C022FC3DBA069002803DA4042A06161
:1004A00001200643F00701D0102086436C2D0BD0AD
:1004B000682D09D04C2D3CD06A2D38D0742D38D001
:1004C0007A2D36D016E040E0E1682F462046884776
:1004D000B842054609D16C2F29D001208002E1687D
:1004E000064320468847054604E06C2F1DD0FF20B8
:1004F00001300643002D28D028464138192803D85A
:100500000120C00206432035204626602946029A73
:100510001646FFF727FE002810D001280BD0F61D45
:10052000F008C0000830029055E74020E1E7802045
:10053000D5E70020D3E7361D02964CE762682846CF
:10054000A1689047206A401C44E7206AFEBD000075
:100550005EA80000034610B50B439B070FD1042A89
:100560000DD308C810C9121FA342F8D018BA21BA77
:10057000884201D9012010BD0020C04310BD002ACF
:1005800003D0D30703D0521C07E0002010BD03782E
:100590000C78401C491C1B1B07D103780C78401CAD
:1005A000491C1B1B01D1921EF1D1184610BDF8B594
:1005B000042A2CD3830712D00B78491C0370401CEB
:1005C000521E83070BD00B78491C0370401C521E2F
:1005D000830704D00B78491C0370401C521E8B0704
:1005E0009B0F05D0C91ADF002023DE1B08C90AE0D3
:1005F000FFF7E8FDF8BD1D4608C9FD401C46B440A4
:100600002C4310C0121F042AF5D2F308C91A521E37
:10061000F0D40B78491C0370401C521EEAD40B78AE
:10062000491C0370401C012AE4D409780170F8BD0C
:10063000D2B210B513029A1813049A1800F00EF8EB
:1006400010BD01E004C0091F0429FBD28B0701D5AE
:100650000280801CC90700D00270704700290BD0AF
:10066000C30702D00270401C491E022904D383072D
:1006700002D50280801C891EE3E70022EEE70022FB
:10068000DFE70000F8B507460B46394619438907EE
:1006900013D1164CE601042A0FD302CB0D1B8D4358
:1006A000354202D102C0121FF5E7CBB20370401CE5
:1006B000521E002B13D0090AF7E7002A14D019782C
:1006C000521E5B1C0170401C002908D0002A0BD070
:1006D0001978521E5B1C0170401C0029EDD1002AC4
:1006E00002D01146FFF7C9FF3846F8BD01010101EC
:1006F000002203098B4273D3030A8B4258D3030BA6
:100700008B423CD3030C8B4221D312E003460B43B4
:100710007FD4002243088B4274D303098B425FD3FA
:10072000030A8B4244D3030B8B4228D3030C8B4226
:100730000DD30902FF2212BA030C8B4202D312120C
:10074000090265D0030B8B4219D300E0090AC30BE1
:100750008B4201D3CB03C01A5241830B8B4201D38E
:100760008B03C01A5241430B8B4201D34B03C01A77
:100770005241030B8B4201D30B03C01A5241C30AEF
:100780008B4201D3CB02C01A5241830A8B4201D360
:100790008B02C01A5241430A8B4201D34B02C01A4A
:1007A0005241030A8B4201D30B02C01A5241CDD2EF
:1007B000C3098B4201D3CB01C01A524183098B423A
:1007C00001D38B01C01A524143098B4201D34B0123
:1007D000C01A524103098B4201D30B01C01A524186
:1007E000C3088B4201D3CB00C01A524183088B420D
:1007F00001D38B00C01A524143088B4201D34B00F6
:10080000C01A5241411A00D2014652411046704767
:100810005DE0CA0F00D04942031000D3404253406C
:100820009C46002203098B422DD3030A8B4212D32C
:100830008901FC2212BA030A8B420CD3890192115E
:100840008B4208D3890192118B4204D389013AD09B
:10085000921100E08909C3098B4201D3CB01C01A70
:10086000524183098B4201D38B01C01A5241430983
:100870008B4201D34B01C01A524103098B4201D371
:100880000B01C01A5241C3088B4201D3CB00C01ADE
:10089000524183088B4201D38B00C01A5241D9D2F6
:1008A00043088B4201D34B00C01A5241411A00D277
:1008B00001465241104663465B1001D34042002B73
:1008C00000D54942704763465B1000D3404201B5F2
:1008D0000449002802DC491C084000E00846C046E4
:1008E000C04602BDFFFFFF7F7047704770470000A2
:1008F000F0B5FF252D04C609C209FF2704462E4086
:100900000137CB093E4348402A402B400746002A86
:100910006BD0002B69D0AA4267D0AB4265D00028CB
:1009200000DA32460125ED0529432C430902200255
:10093000090AD21A4B0C7F24E31A434C000A7C4468
:10094000E35C7D242404121914145B00A21888426D
:1009500001D3521C00E0400049420C465C43241184
:100960005C43DB016415E318040A5C43C502200DF7
:100970000C4644436419250A5D432303EC0C0D46E1
:10098000654300030019EB184C42A34201D35B18E6
:10099000401CD4052018002B07D05B00C91804D3D5
:1009A000401C002901D1400840003F2189048A42AF
:1009B00009D3002A08DC1106090F04D003214907D6
:1009C0004018C00FC007F0BD01224100120689186F
:1009D0007F2252069142F6D205214907C84201D52D
:1009E0009010F0BDFF20C005F0BD002F00DA3246A8
:1009F0001648AA4207D2AB4205D21902090E17D0F7
:100A0000F80FC007F0BDFF2563002D06AB42F9D8F3
:100A10004900A942F6D8AB4201D1A942F2D0A9427D
:100A200001D1002101E061004908D0050843F0BD73
:100A30001102090EFBD0FF200243D005F0BD0A468B
:100A40000146104654E700001FA300000000C07FCD
:100A500010B501469E240002CA15A307002A02D041
:100A60001843002A04DBA21A002A0CDDD04010BD76
:100A70001206120E01D140004008A21A03D4D04041
:100A800040420028F3DDFF2248001206904201D9BF
:100A9000002010BDC817C043584010BD1F22030CD2
:100AA00002D10F2200041CD0030E01D10002083A2B
:100AB000030F01D10001121F830F01D18000921E8C
:100AC000002801DB4000521ED205511802125118B5
:100AD0001922904004D3491C002801D1490849003B
:100AE00008467047C10FC90700D040420122920753
:100AF0001143D3E701218907D0E7FFB504460D462E
:100B000081B0243000902168880604D51022E06965
:100B10009143216000E00120A84201DD471B00E075
:100B200000270498A1697A191018081AA061207882
:100B3000C00602D42046FFF797FB002608E0039882
:100B40006268A168805D9047206A401C761C206224
:100B500004988642F3DB2078C0060AD52046FFF7CA
:100B600083FB06E06268A16830209047206A401C41
:100B7000206238467F1E0028F4DC07E00098626897
:100B8000A168405D9047206A401C206228466D1E87
:100B90000028F3DC2046FFF77DFB2078000602D515
:100BA000022005B0F0BD0120FBE7000001694A1CEE
:100BB00002610878704700B58FB00291002105915D
:100BC0000549019379440391114604906846FFF763
:100BD000FDFB0FB000BD0000E5FFFFFF0CC90839A9
:100BE0009A4202D2531C0B601070704710B54369D3
:100BF000002B02D0C046C04601E0FFF75CFB01209D
:100C000010BD1278014624310A7000224A70012278
:100C1000ECE711680022D243E8E701468008081A91
:100C200002091018020A1018020C1018C0088200DD
:100C300012185200891A01E0401C0A390A29FBD215
:100C40007047000010B5FF231B0644009C421DD8CE
:100C50004C009C421AD80346124A0B4307D4401A50
:100C600002D3EFF3008010BDEFF3008010BD081A2F
:100C700003D3EFF30080904305E0EFF30080012100
:100C80009043C907084380F3008810BD0D231B045F
:100C90001A4204D01146002000F031F810BD00F0D7
:100CA00045F810BD00000090004870472800202043
:100CB0007546FFF7F9FFAE46050069465346C00882
:100CC000C000854618B020B5FFF7A0FA60BCB64654
:100CD00000260027C0C5C0C5C0C5C0C5C0C5C0C5A9
:100CE000C0C5C0C5403D490849008D46704710B594
:100CF0000446C046C0462046FFF75DFA10BDC80254
:100D000012D54803400F002804D0C803C043012176
:100D100088407047EFF300800001000903210907B4
:100D2000084380F3008870470020704710B50248E0
:100D300000F004F810BD00000000C07F10B50C46A4
:100D40001107090F092904D00A290AD008290CD152
:100D500004E011460820FFF7D2FF06E0510606D551
:100D600001E0510601D50120C007214610BDD10682
:100D700007D501010909CC084907000E0006044304
:100D800009E0410F20024907000A0143200E000636
:100D90001D22D14101430846E7E700000149182020
:100DA000ABBEFEE726000200704700005948002154
:100DB000017301604160816001614161816101777E
:100DC0000162416281620163416381630164416444
:100DD000816402462032117302463032117302469A
:100DE00040321173024650321173016541658165CD
:100DF0000166416681660246603211730167416790
:100E00008167703001737047F0B581B016460C46AB
:100E10000746002500F05AF9002F30D0002C2ED0C4
:100E20003C490A7B002A24D03A4A117F00291ED06F
:100E3000114620310B7B002B1BD0114630310B7B30
:100E4000002B16D0114640310B7B002B11D01146E0
:100E500050310B7B002B0CD0114660310B7B002BEB
:100E600007D07032117B0029114608D101E0103201
:100E7000114601250D7380190F604C60886028466B
:100E800001B0F0BDF0B585B00220C043019000264E
:100E900000F01CF904461F4A009007E00246029841
:100EA0008260009C1B4A761C082E30D03001151839
:100EB000287B0028F7D028680028F4D0A968611A98
:100EC000F1D480470198431C69680295AA684B4396
:100ED000049348430390A71A5018241A8D00501801
:100EE000002CDBD4049BDB190AD4039BDB190AD446
:100EF00040184018641B7F1B4218002FEFD5CEE727
:100F000048008218CBE7032048438218C7E705B0A2
:100F1000F0BDC046FC062020F0B5C1B000F0D6F808
:100F200000094B2850D3294C2078002832D03FAC00
:100F3000204607F085FE2AA805F0AAFB08A800F0C5
:100F40006FFBA3792278062A2BD1062B01D0032B25
:100F500027D1234801684A1C02602E202AAA105E6D
:100F60000790062008AD285E06903226965F04277B
:100F7000ED5F4627D75F0024145F0220105E069ABB
:100F800000920196029503970494059015A01A46C5
:100F9000079B17E00EA007F093FB0120207041B0E3
:100FA000F0BD0F4801684C1C0460062008AC205EB0
:100FB00000242AAD2C5F0226AD5F1D9E009601AE77
:100FC00031C610A007F07CFB41B0F0BD8C002020A2
:100FD0000D0A234442472C53544152540D0A000039
:100FE00088002020542C25752C25752C25642C2553
:100FF000642C25642C25642C25642C25642C256404
:101000000D0A0000532C25752C25752C25752C25D3
:10101000642C25642C25642C25640D0A0000000036
:1010200080B507F013FD02F09DFC80BD70B507F0A0
:10103000EBF900F0FDFA00F0F7F805F031FB07F0EE
:1010400007FE02F093FEFFF7B1FE174801250024CA
:1010500029462246FFF7D8FE14480A263146224682
:10106000FFF7D2FE124831462A46FFF7CDFE11485F
:1010700002223146FFF7C8FE0F4803223146FFF730
:10108000C3FE0E4832210522FFF7BEFE4B20810031
:101090000B481422FFF7B8FE00F011FB284621464A
:1010A000224600F04BFB70BD21100000FD3C00000B
:1010B0005D930000591700001568000051470000BB
:1010C000190F000080B5FFF7DDFE80BD15480068F0
:1010D0007047C046084809494160FF210906084A8F
:1010E00013688B430321890759181160002181601F
:1010F000072101607047C04610E000E0FF7C00005F
:1011000020ED00E007480168491C01607047C046B7
:10111000044A1268101A884201D200207047012048
:101120007047C046A00420208E4A002313775360E6
:101130009360D360136153619361508004201070F9
:1011400001201076507591817047C04610B5854BCF
:1011500000245C609C60DC601C615C619C61588068
:10116000042018701C770120187658759981D8755D
:101170001A8110BDB0B5002804D07A493CC93CC0E2
:101180003CC93CC0B0BDC04610490878421E062A82
:1011900010D80FA07A441279520097440C03070923
:1011A000050D0F001BA0704714A0704716A07047D4
:1011B00014A070471AA070470EA07047087D002841
:1011C00001D009A0704705A07047C046FC0520204B
:1011D0004F70656E4C6F6F7000000000546F2042BE
:1011E0006C61636B00000000546F20576869746580
:1011F00000000000547261636B0000005475726E51
:101200000000000041726300537472616967687482
:10121000000000005370656564486F6C6400000056
:1012200049646C650000000080B54E4800210170E3
:10123000801C1B21FFF721FA80BDC04649490022CE
:101240000A774A608A60CA600A614A618A61488096
:1012500006200870FF20023008830120487570477F
:1012600070B50C4605463F4EB01C1B21FFF705FA32
:101270000120B07674823582307070BD3949002209
:101280000A774A608A60CA600A614A618A61488056
:1012900002200870012048757047C04680B531486B
:1012A00000210170801C1B21FFF7E7F980BDC046BB
:1012B0002C4900224A608A60CA600A614A618A61D8
:1012C00001220A774880032008700A76CA754A7599
:1012D0007047C04610B5234A00230124147750807C
:1012E0000320107051609360D36013615361936168
:1012F00014765475D476FF200230D08210BDC046DB
:1013000010B5184B00241C775880032018705960C2
:101310009C60DC601C615C619C61012018765875E2
:101320001A81D876FF200230D88210BDB0B50446AD
:101330000C4DA81C1B21FFF7A0F9012028766C8119
:1013400005202870B0BDC046B0B50446054DA81CA8
:101350001B21FFF792F90120E8752C8105202870E8
:10136000B0BDC046FC052020044881210160012059
:10137000C0073C49086008637047C0461880424077
:1013800070B5EFF31081EFF3108272B60124E2071B
:101390001F4B012812D0002825D131481425058083
:1013A0000473002545730588C5810474007C0028FA
:1013B00000D110331A6081F3108870BD28482325AE
:1013C00005801E264680858003250573002545730C
:1013D0000588C5810474007C002800D110331A6090
:1013E00081F3108870BD1E48232505804580372570
:1013F000858003250573002545730588C581047420
:10140000007C002800D110331A6081F3108870BD71
:1014100090120A401248017C002908D0C189002995
:1014200002D0C189491EC181C189002900D07047FD
:10143000417B491C4173427B037B0A499A4208D293
:10144000427B5200825AC281407BC00703D11039CF
:1014500001E0002202740120C00708607047C04606
:10146000C0042020A0120A40811E091F00BFFCD228
:1014700070470000F0B53C4A82183C4BC31808790D
:101480004E793B4D3B4C002E23D0202804D005261E
:10149000F601002803D003E0374E002800D188264B
:1014A000576F2F4037435767976F2F4037439767E2
:1014B000566B26405663966B26409663002656650B
:1014C00096658F26F6435F6837405F609F683740B8
:1014D0009F608E79096820280BD0002819D1491EF9
:1014E0005160D76E2F4088210F43D766174670375B
:1014F00019E0491E5160D16E29401F4F3943D16612
:10150000116F294039431167012149071B4D1746C7
:1015100009E049085160D76E2F400521C9010F43EA
:10152000D766174670373C682C400C433C60D16A44
:10153000104C2140D162116B214011630021D16414
:1015400011658F21C943D46F0C40D4671C680C40CF
:101550001C600643BD2030401168094B0B40C01889
:10156000801C1060F0BDC046041800008418000004
:1015700024493E008888FDFF01040000FFFFFFCFE3
:101580004000FFCF92008018014A81507047C0464A
:101590001018000010B50122120383180C789C600B
:1015A0004B7883508978014A815010BD0C1100009E
:1015B000B0B51122120283580124A34383500B8833
:1015C0008C781C438B882343094C1C408358094D5D
:1015D0001D40631983508B79CC791C43097A2143D0
:1015E0007E231940801842689A4351184160B0BD6B
:1015F00018670000E798FDFF10B501221203831859
:101600000C789C604978815010BD10B5002805D039
:1016100004465020FFF728FF641EFAD110BD0000D9
:1016200080B5002803D04B498822FEF7CBFD80BD52
:1016300070B5FFF799FE02F043F801F0A9FA00F047
:10164000D7FB012528068021424E70500024746586
:1016500034607460B460F460304610303821FFF7B5
:101660000EF8842034503465F464324804604460D9
:101670008460C460B464B465F46534667466B4664A
:10168000F46634677467B467F4672B4804700848DD
:1016900005702548057023480470244804604460A0
:1016A0008460C46022487021FEF7E9FF70BDC04627
:1016B0002C06202080B50120FFF762FE80BD80B59A
:1016C0000220FFF75DFE80BD70B51648002404704F
:1016D000154804701548046044608460C460144870
:1016E0007021FEF7CCFF1B4DAC61EC612C626C628B
:1016F000AC62EC622C636C632B4670330FCB0D4EE7
:101700002C81AC63EC632C646C64AC64EC642C657D
:101710006C650FC600F0F2FC07480078842168541D
:101720006C6070BDF00920202D062020F4092020D7
:1017300080092020880620202E06202010B587232F
:10174000044CE2548623E1548523E05402F00BF963
:1017500010BDC04688082020F0B5A7B001F040FABF
:1017600000F040FD24AD284600F038FB1DAE3046A9
:1017700001F006FA19AC204601F09AFF0BA801F01F
:1017800089FFFFF7A3FC2B7A8021EE4A049107938F
:1017900053546B7A8121039108935354B37E822171
:1017A000535483231C99D1542499029003C2239843
:1017B0005080199890806088D08020980A901F9857
:1017C00009901E981D9B219E229D0B9F0C991365CD
:1017D0005065099890650A98D06516665566083A6E
:1017E0001346176751670D980E999067D167A088C7
:1017F000E1880904081821896289120451181861C6
:101800005961D14E3078002800D10BE1CF480078E3
:1018100001908000CE490E183823002009900FE077
:10182000601C089BC74AD1580818D0501C3609982C
:10183000801C09901B1D0698401C482B00D116E106
:101840000546C448C018383801680BAA0893D21856
:10185000383A12680260541A2046FFF743F90146ED
:101860000695EDB2032D07D0012DBB48089B07D08C
:10187000002D04D1B94803E0B848089B00E0B848FF
:1018800032683460B74FFB18383B1F68BA1A171913
:101890001F60B54A97423A4600DCB34AB34B9A42BE
:1018A00000DB1A46A74B099C1B190A931A8309F0FF
:1018B000FBF80590AE49FFF71BF80446AD4909F067
:1018C00004F80028A94818D1C7200106204609F0CD
:1018D00014F8002802D0A548401C0EE00021204644
:1018E00008F0E8FF002801D1BF2000E03F200106FA
:1018F000204609F015F8FFF7ABF80A990884384636
:10190000FFF7F0F80146032D04D0012D924804D0D2
:10191000002D01D1914800E09148079609F0C4F8E4
:101920009549FEF7E5FF0446924908F0CEFF0028EE
:101930008E4E37461AD1C7200106204608F0DDFF3B
:10194000002802D0894E771C10E00021204608F0C4
:10195000B1FF002801D1BF2000E03F200106204652
:1019600008F0DEFFFFF774F80746804E0A990F85EE
:101970003020085EFFF7B6F8044638B2FFF7B2F839
:101980007E4909F091F8074620467D4909F08CF818
:10199000394608F0C5FF0446764908F096FF00284E
:1019A0003046079E18D1C7200106204608F0A5FF43
:1019B000002802D06D48401C0EE00021204608F0AF
:1019C00079FF002801D1BF2000E03F20010620461A
:1019D00008F0A6FFFFF73CF80A9908864F20010699
:1019E000059F38460D4608F070FF0028F54C20464C
:1019F00000D016E7CF200106384608F07EFF002809
:101A000000D00DE70021384608F054FF002801D12E
:101A1000BF2000E03F200106384608F081FFFFF7B5
:101A200017F8FEE6184610303821FEF728FEE04889
:101A300000240470DF48046044608460C460DE48B1
:101A40000E990D9A0C9B0B9D0560D74D43608260EB
:101A5000C160DA487021FEF712FE8421012068542B
:101A6000AC64EC642C653070089A079B5AE10198CD
:101A7000401CC1B20629009500D90020CC4908704D
:101A80002E20C94D285EFFF72DF804462C20285E35
:101A9000FFF728F80146204608F042FF3F210A914F
:101AA0000E06314609F000F807462A20285EFFF7A7
:101AB00019F804462820285E3546FFF713F801463A
:101AC000204608F02DFF314608F0EEFF0446BE49DF
:101AD00008F0FBFE0028BA4E304618D1C720010698
:101AE000204608F00AFF002802D0B54E701C0EE018
:101AF0000021204608F0DEFE002801D1BF200506A7
:101B00002046294608F00CFFFEF7A2FFAC4E4A2102
:101B1000A54A5052AC49384608F0D7FE002839D1C2
:101B2000C7200106384608F0E8FE002802D0A44885
:101B3000461C2FE00021384608F0BCFE002821D1C9
:101B4000BF2020E0880820202E062020F009202039
:101B50008009202088062020D176143E20D0113E16
:101B60008477123EF40920200080FFFFFF7F0000F1
:101B70000AD7233C00FEFF46295C8F3DCDCCCC3DEF
:101B80006666663F0A980106384608F0C9FEFEF709
:101B90005FFF06464821844D6E52686CFEF7A2FF37
:101BA0000446286CFEF79EFF0146204608F0B8FE6A
:101BB0000A990C06214608F077FF0746E86BFEF706
:101BC00091FF0646A86BFEF78DFF0146304608F0F0
:101BD000A7FE214608F068FF0990009D294608F0FD
:101BE00074FE0028774E304619D1CF200106099E99
:101BF000304608F082FE002802D0724E701C0EE0C3
:101C00000021304608F056FE002801D1BF2004060E
:101C10003046214608F084FEFEF71AFF694E6249FD
:101C200008653846294608F050FE0028304617D18E
:101C3000CF200106384608F060FE002801D0701C55
:101C40000EE00021384608F035FE002801D1BF2003
:101C500000E00A980106384608F062FEFEF7F8FE3A
:101C60005149C864099C2046394608F075FF089020
:101C70002046394608F054FE0A990C06214608F021
:101C800013FF0646294608F020FE002802D04D48E2
:101C9000454D18E0CF200106304608F02EFE002802
:101CA000414D02D04748401C0DE00021304608F06D
:101CB00001FE002801D1BF2004063046214608F06D
:101CC0002FFEFEF7C5FE68654049089808F0ECFE57
:101CD00004463D4908F0F9FD002801D0384818E0D5
:101CE000C7200106204608F008FE002802D034482C
:101CF000401C0EE00021204608F0DCFD002801D148
:101D0000BF2000E00A980106204608F009FEFEF711
:101D10009FFE28818420285C411E884103996A5CCB
:101D200004996B5C2A4C217801290DD100280BD035
:101D3000002B09D0002A07D026480078012805D1B9
:101D400025480299814201D227B0F0BD18482F469C
:101D50000025057025701748056045608560C560E1
:101D600016487021FEF78BFCBD61FD613D627D620E
:101D7000BD62FD623D637D633B4670330FCB0E4E0B
:101D80003D81BD63FD633D647D64BD64FD643D656F
:101D90007D650FC600F0B2F90448007884217854BC
:101DA0007D60257027B0F0BD880820202E062020F9
:101DB000F0092020F4092020880620208009202016
:101DC000FF7F0000FFFFFF7F00FEFF46ECC91841C8
:101DD0002D0620202C062020AC0D0000002806D067
:101DE000CD498A6882604A6842600968016070472C
:101DF000F0B585B0764800210160416081600D46F4
:101E0000029174482821FEF73AFC73487349016037
:101E10000646012001900402714A1460714B19605A
:101E20008006009010601960106031606E48057087
:101E30001460174630252846FFF716FB81200390D3
:101E400030603946403904910C603E46103F3C609A
:101E50002846FFF709FB6048604901603460284666
:101E6000FFF702FB039E5C480660049804603C6038
:101E70002846FFF7F9FA5848584901605848046065
:101E80002846FFF7F1FA54480660049E34603C602F
:101E90002846FFF7E9FA504850490160504804606D
:101EA0002846FFF7E1FA03984B49086034603C602C
:101EB0002846FFF7D9FA494847490860484804606E
:101EC0002846FFF7D1FA039E434806600498046051
:101ED0003C602846FFF7C8FA3F4840490160404847
:101EE00004602846FFF7C0FA3B480660049E346051
:101EF0003C602846FFF7B8FA37483849016038484F
:101F000004602846FFF7B0FA039933480160346053
:101F10003C602846FFF7A8FA30492F480160304856
:101F200004602846FFF7A0FA039E2B480660049839
:101F300004603C602846FFF797FA2849264801606C
:101F4000274804602846FFF78FFA23480660049E5E
:101F500034603C602846FFF787FA22480399016005
:101F600000983060386006462846FFF77DFA1B4F20
:101F7000194807601A480460044601F06FF92846C2
:101F8000FFF772FA1748076026602846FFF76CFAD9
:101F9000104C01982070FFF799F860611348029E79
:101FA000C67713A11CC91CC03CC93CC0184AD675D1
:101FB0000B8803808978817016A00AC80AC21AC8E3
:101FC0001AC2018811808078907005B0F0BDC046BB
:101FD0002C052020D40620204C80424081000600A1
:101FE000E0120A40EC804240B805202098052020ED
:101FF0004779726F2070726F6265204132362F41CF
:102000003800000000000000000000000000000098
:10201000BC052020736F6674204932430000000025
:10202000000000000000000000000000F0B585B0D6
:102030000C460146002000295ED0002C5CD0002A0E
:102040005AD07C4D6B78022B23D0012B54D10292B5
:102050000191AB78122103AA06260746184633469B
:1020600000F006FF01463846002945D003AA13793F
:1020700050790102CF1801990F80039F277057787C
:1020800067709778A7702371D278E27001220523D8
:1020900018E002920191AB78472103AA0226074675
:1020A0001846334600F0E4FE01463846002923D0A6
:1020B00003A84078039A11020B1801990B80227033
:1020C00000220123E05402980670AE7708886883E6
:1020D0004148416889194160002A02D10620811BCC
:1020E00000E000212135A819FEF7C7FA284621464D
:1020F0003246FEF75CFA012005B0F0BD4D480021E4
:10210000016281774183C16001618184324A11603B
:10211000203081717047C0462C05202010B50C4638
:1021200001462E480022026042608260C260026165
:1021300042618261C2612A48026042608260C2607C
:1021400002614261002903D024481F22FEF79AFA57
:10215000002C04D0224817222146FEF793FA10BD26
:10216000F0B581B00C460546324E00273781F78026
:10217000B780F760376101203060B761F76137627F
:10218000B784304618308773FEF7A0FF12490F60FE
:102190004F600F8111490F604F608F60CF600F61FA
:1021A0004F618F61CF610E490F604F608F60CF60CC
:1021B0000F614F61C8307061002D04D007481F22A5
:1021C0002946FEF75FFA002C04D005481722214665
:1021D000FEF758FA01B0F0BD2C052020980520200C
:1021E000BC052020F0B59BB008A80024047007A807
:1021F0000470FEF76BFF0F4F7969401A00D5B9E301
:102200003878401E0E2800D9F9E0400078448088D4
:102210004000874411003A01DA0007017F005401B1
:1022200088012101CC01C000A60165009A00670168
:102230002F00C046D4062020FB48002404706925E6
:1022400008AE012328462146324600F011FE3378BD
:10225000002800D1CFE1242B00D0CCE1BD70242098
:10226000F14908707C773C83412080003880EF483A
:10227000EF495EE30AA98C800A9409AA14700CA89D
:10228000FFF7D4FE002800D10CE23C7708203A5E2C
:102290000CA80188881A03B2DB1305465D40EB1ACF
:1022A0001BB209AD2D7806950DB20595082B00DD02
:1022B0006EE2FD7FFF2D04D06E1CFE77132D00D241
:1022C00067E21F205043059A8018C20E801840090B
:1022D0003881081A01B2C91302464A40531A58E21B
:1022E000B8786B210024224601F08EF8002800D136
:1022F00005E2D048C4770D213970CF492CC92CC0D4
:102300006CC96CC0CD4AD4750B8803808978817004
:10231000CB482AE2B87859210024224601F074F80B
:10232000002800D1EEE1062038703C83C148C47714
:10233000C4492CC92CC06CC96CC0C04AD4750B8868
:10234000038089788170C0480FE2B8781B21182279
:1023500001F05AF8002800D1D7E10025FD833D7730
:102360007D83FD603D613D817D60FD700E20387094
:102370003D847D84BD8438461E300572FEF7A6FE7E
:102380007861B2480121018105607878022800D186
:1023900034E2AF4B33E2B8784221A92201F034F89D
:1023A000002800D1B4E1A3480021C1770B223A7084
:1023B000A84A38CA38C078CA78C0A04BD9751188E5
:1023C000018091788170A448CCE2974E0020307053
:1023D0006924752108AD012320462A4600F048FDF6
:1023E0002B78002800D1FCE0682B00D0F9E0BC700D
:1023F0006820307083208000388098485DE09348E2
:102400000021018101608B48C177954A38CA38C0E4
:1024100078CA78C0894BD97511880180917881700C
:1024200090489FE2B8787C210024224600F0ECFF1F
:10243000002800D16FE17F48C477052139708A49AF
:102440002CC92CC06CC96CC07C4AD4750B88038025
:1024500089788170854888E1B878212107AA01230D
:1024600000F006FD002800D158E107AC23787B7707
:1024700013A818217E4AFDF7D7FE2078012800D046
:10248000CFE1092038707B4852E2674E002030705F
:102490006824752108AD012320462A4600F0E8FC97
:1024A0002B78002800D1B2E0682B00D0AFE0BC70E0
:1024B00034708320800038806F48704939E2388B4F
:1024C000410B6F4D00D022E2410913AA5170C106A1
:1024D000090F117029461F3989B2884200D200E2E3
:1024E0004442FFE10AA900248C800A9409AA1470CE
:1024F0000CA8FFF79BFD002800D112E153490120F1
:1025000008810CAE305F796808187860F878411C53
:10251000F97078788022C9B200910192022800D126
:1025200082E14B4B81E1B8785921012200F06CFF28
:10253000002800D123E108203870FEF7C7FD3D498F
:102540000022CA771E3078614E4838C838C178C832
:1025500078C13A4BDA7502880A80807888704A48D8
:1025600000E2B87843210024224600F04DFF002805
:1025700000D107E1FC833C777C83FC603C613C81BB
:102580007C60FC700E2038703C847C84BC843846AF
:102590001E300472FEF79AFD78612C4801210181FA
:1025A00004607878022800D17EE1294B7DE1B8787B
:1025B0007D210E2200F028FF002800D1E5E01D4813
:1025C0000021C1770A223A70304A38CA38C078CA26
:1025D00078C01A4BD97511880180917881702C4888
:1025E000C0E1337013AC18212A4A2046FDF71CFEC7
:1025F00029482146A3E10C48037013AC1821254A51
:102600002046FDF711FE02203870244809E033709F
:1026100013AC18211F4A2046FDF706FE0320387030
:102620001F48214685E1C046B805202007D9000093
:1026300052D80000980520201CB60000BC052020C0
:10264000ECAC00009CB600004CAD00002C05202036
:1026500084D900003CB6000004AD0000F6D80000AC
:10266000DCB600007CAD0000BCB6000064AD00002C
:10267000CBD8000059D90000E5D8000059D8000097
:10268000FF1F00007CB6000034AD00005CB6000007
:102690001CAD0000C2D8000016D9000060D80000B0
:1026A00071D80000387F401C3877C0B2032800D2B0
:1026B00049E100243C81FC80BC80FC603C6101203D
:1026C0003860BC61FC613C62BC843846183084735D
:1026D000FEF7FCFCF2490C604C600C81E849CC77B9
:1026E000C8307861DD482CC82CC16CC86CC1EB4A7D
:1026F000D47503880B8080788870E2A035E0D848D4
:10270000D8491CE1D848D94919E1D548D84916E13A
:10271000D548D84913E1D448D74910E1D248D74920
:102720000DE13C81FC80BC80FC603C610120386094
:10273000BC61FC613C62BC84384618308473FEF78F
:10274000C5FCD7490C604C600C81EC49CC77C83093
:102750007861FE482CC82CC16CC86CC1E64AD4759F
:1027600003880B8080788870F9480AC80AC21AC8A2
:102770001AC201881180807890701BB0F0BDF748B4
:10278000F949DCE0F548F649D9E0F448F549D6E0E6
:10279000FC7719B20729214600DB014609B2642003
:1027A0004843A42107F0A2FF3969401AC217920FCB
:1027B00080188010401801B2C91302464A40511ACD
:1027C00009B2042900DB04463C6120B2C013214653
:1027D0004140081A00B2072803DC20210020785469
:1027E000E8E02022B95CFF29204600D1E2E0481C45
:1027F000B854022900D2DCE02046DBE0AB4B0128D4
:1028000000D1AC4B13AC2021D24A2046FDF70CFD81
:10281000BA48C5771F222146FDF734FFB648C57573
:1028200054E0CE4813A98AE0A04B012800D1A14B67
:1028300013AD2021C04A28460691FDF7F5FC335F11
:102840000DAE1821BDA23046FDF7EEFCAB48C477B3
:10285000A94BDC751F2229461D46FDF713FF1722E1
:1028600028463146FDF70EFF03203856002800D4D5
:1028700080E0069806463C54FC77FC603C610F20E3
:1028800038707868C117490E4018C0093881FEF7C2
:102890001DFC7861824804600820395E78780091D8
:1028A000022869D0824B68E0804B012800D1814B1F
:1028B00013AD2021A74A2846FDF7B6FC8F48C47700
:1028C0001F222946FDF7DEFE8B48C475A2490CC9BC
:1028D0000CC01CC91CC00A880280897881701BB09A
:1028E000F0BD2024B8785B21022300F0FDFD002814
:1028F00023D0388B9D490A18B878E4B25E2123466C
:1029000000F0F2FD002818D0388B0019388301211F
:102910004903009183B213A81821964AFDF784FC5D
:10292000388BA84203D907203870944800E09248B9
:1029300013A9FFF7F3FB1BB0F0BD88488C49FFF7E4
:102940000FFC1BB0F0BD6D480021C1776CA238CAE6
:1029500038C078CA78C0684BD975118801809178E1
:1029600081706FA006C806C316C816C301881980F7
:10297000807898701BB0F0BD4C4B604F01283146F9
:1029800000D14C4B13AE6F4A3046FDF74DFCFC773F
:102990001F2238463146FDF775FEEC756A4806C8B9
:1029A00006C50EC80EC5018829808078A8701BB0A6
:1029B000F0BD0020FF210231394A1181394EB44265
:1029C00000DC3446384DAC4200DB2C461480F968FC
:1029D0000818F860642107F089FEB04200DC304638
:1029E000A84200DB28462E494880787800940228C7
:1029F00001D02F4B00E02D4B012800D12D4B13A807
:102A000020212DA2FDF710FC0AA948780B78069921
:102A100006290BD30AA98A78CC780D79497900AEBA
:102A200035C604910DA818212BA205E00090059849
:102A300001900DA8182123A2FDF7F6FB2E4C0021D2
:102A4000E1752E48C17713A91F22FDF71BFE0DA9C2
:102A500017222046FDF716FE1BB0F0BDFCB50000A6
:102A600077D90000B9D8000067D900003CD8000031
:102A7000A7D800009ED8000095D8000025D90000F6
:102A80009805202072657472792070726F626500FB
:102A9000000000000000000000000000BC05202035
:102AA0002C0520200080FFFFFF7F000034D80000AD
:102AB00084D9000082D800002573205A3D25366451
:102AC0000000000025303258202530325820726135
:102AD000773D256400000000253032582025303233
:102AE0005820253032582025303258202530325891
:102AF0002025303258000000BC05202098052020F9
:102B00004779726F20726561642072657472790012
:102B100000000000000000000000000000000000B5
:102B200073747265616D206D69737300000000003D
:102B300000000000000000009FD900007261773D96
:102B400025640000D4D80000BCAC0000DCB5000057
:102B5000D4AC000040D90000A4AC000067D900004C
:102B60008BD80000B0D8000047D80000A4B7000000
:102B70004FD9000099D9000030D9000089D9000050
:102B800080B5002803D061491C22FDF710FD80BDEF
:102B9000F0B581B01F4D00242846214600F036FDD7
:102BA0001D4E3046214600F031FD1C4F384621466F
:102BB00000F02CFD5548046044608460C4600461EA
:102BC000446184612846214600F058FD3046214684
:102BD00000F054FD3846214600F050FD01B0F0BD34
:102BE000B0B54A4CE57E012129400A4800F046FD77
:102BF000A807C10F084800F041FD6807C10F07484A
:102C000000F03CFDE07E401C07210140E17600F031
:102C100007F8B0BD10D800001CD8000028D800006C
:102C2000F0B589B00120C102384C22880025174632
:102C30008A42024600D82A46227463888B420246A2
:102C400000D82A466274A6888E42024600D82A46D8
:102C50000493A274E28802928A42024600D82A466D
:102C60000396E27422898A42034600D82B462375D4
:102C700063898B420646009700D82E466675A68962
:102C80008E42074600D82F46069607930892A775EE
:102C9000E28905928A4200D82846E075049B009993
:102CA000C818039E80192A46029D4019089FC01922
:102CB000079FC019069FC019059FC71901921FD011
:102CC00013484843134A5A431018134A72431018C2
:102CD000124A6A4310187D22920008994A4310183C
:102CE0000F4A07994A4310180E4A06994A4310188A
:102CF0000D4A05994A431018394607F0F7FC024679
:102D00000199A176228309B0F0BDC046600A202057
:102D100054F2FFFF3CF6FFFF24FAFFFF0CFEFFFF1B
:102D2000DC050000C4090000AC0D0000F0B581B066
:102D30000120C04343490968C91E81427FD34248EC
:102D4000014610390968414E0E4078D00168314380
:102D500001603F4F30373F4C002504E00C347F1CAE
:102D60002D1D202D0FD060683042F7D0204600F096
:102D700079FC39788842F1D03870354840190169BA
:102D8000491C0161EAE7324E31463031C8788A7811
:102D900052000243D5B2304B1C783048AC420CD0C4
:102DA000A4001443E4B20546E540ED0705D11A70CE
:102DB0002B4A125733689A1832603022B25C5300A3
:102DC0004A781A43D5B2274B1C78AC420CD0A400E9
:102DD0001443E4B20546E540ED0705D11A70204AD8
:102DE000125773689A187260CB798A7952001A4325
:102DF000D5B21D4B1C78AC420CD0A4001443E4B2F5
:102E00000546E540ED0705D11A70154A1257B3681B
:102E10009A1AB2604A79097949001143CCB2134A2F
:102E20001378A3420BD09B000B43DBB2D840C00702
:102E300005D111700A48C056F168081AF06001B057
:102E4000F0BDC0463011404048300A40F0208C00B0
:102E5000F404202020B7000084062020699600009A
:102E6000CAB500008506202086062020870620207F
:102E7000F0B591B009930892002A00D1B1E10B900E
:102E80000A91F24FF248386001218E06F14B1E6024
:102E9000F14A106007910D021D6030242046FEF7B4
:102EA000E3FA00F0DBF90D90812010903860E948DA
:102EB0000746403F3E6010380E96066006462046A4
:102EC000FEF7D2FA0D9800280C9500D18CE1E2486B
:102ED000109C04600F973D600D9635603020FEF722
:102EE000C3FA0B984600F0B200F022FA00210B91D1
:102EF0000028274600D17FE10A9800F019FA00283F
:102F0000D34C00D176E1D1480460D2480E990160DB
:102F1000D1490C6005603020FEF7A6FA00F09EF95A
:102F2000002800D166E1C94807600E980F99086033
:102F30000D99086030242046FEF796FAC6480760CF
:102F40000F9805600D9805602046C14CFEF78CFA7D
:102F500007980643F0B200F0EBF90028BB4D0E993C
:102F6000BC4A00D14CE10998002800D16AE1002652
:102F70002C60116030201546FEF776FAB6480460E2
:102F80000C9F2F600A96701C0B9000F067F90028C8
:102F900000D1E9E030242046FEF766FAE3480068F5
:102FA0000690AD4E109830600F9807600D9807603E
:102FB0002046FEF759FAA64830602F6000F04EF91F
:102FC000002800D1D0E030242046FEF74DFAD74843
:102FD00000680590A04E109830600F9807600D981B
:102FE00007602046FEF740FA994830602F6000F0F5
:102FF00035F9002800D1B7E030242046FEF734FA36
:10300000CA4800680490FE4E109830600F98076020
:103010000D9807602046FEF727FAF74830602F60CA
:1030200000F01CF9002800D19EE030242046FEF775
:103030001BFAF44800680390F14E109830600F9826
:1030400007600D9807602046FEF70EFAEA483060E8
:103050002F6000F003F9002800D185E030242046DD
:10306000FEF702FAE74800680290E54E10983060DB
:103070000F9807600D9807602046FEF7F5F9DE48C7
:1030800030602F6000F0EAF800286DD03024204630
:10309000FEF7EAF9DB4800680190D94E10983060DD
:1030A0000F9807600D9807602046FEF7DDF9D248BB
:1030B00030602F6000F0D2F8002855D03024204630
:1030C000FEF7D2F9CF4800680090CD4E10983060DE
:1030D0000F9807600D9807602046FEF7C5F9C648AF
:1030E00030602F6000F0BAF800283DD03020FEF7A5
:1030F000BBF9C4480068109DFA490D600F9E376007
:103100000D990F6004994A0E02210A40069B5B0E3E
:103110000B40059C6401E40FE3189B00D218039B4D
:103120005B01DB0F9A189200029B5B0E0B409A1812
:10313000019B5B01DB0F9A189200009B5B0E0B401A
:1031400099184001C00F099A0B9B934221D2334634
:103150002C46E14A15600E9A1746326006910D9A88
:10316000DF4D0A9E06991BE0DE48109901600F981A
:103170000760284610380760FF242A460A9E0898F0
:10318000845509980B9EB042D34DD44C0E9955D01E
:10319000EEE6D14AD14D1560D14A15460E9F0A9EE2
:1031A0004418176030200A90FEF75EF9CD49CB48ED
:1031B00008600C9F2F6000F051F80A98FEF754F950
:1031C0001098C84908600F9807600D980760C248BA
:1031D000C24901600E9828600A98FEF745F92A4610
:1031E000CDE7002011B0F0BD00200B90BA4DBB4CD4
:1031F000BB4E0FE0FC4D01E0FB4DFC4C0E99FC4A30
:103200002F600F980160104610380160302016467C
:10321000FEF72AF9F74804600C98306000F01EF8B9
:10322000274630242046FEF71FF92F600E983060A5
:103230002046FEF719F90B9811B0F0BD07980B90D6
:10324000109FDDE707980B90DAE7C046EC8042401C
:1032500081000600E0120A404C80424070B5012413
:10326000684D2868C0055ED426023020FEF7FCF8C1
:103270002868304257D13020FEF7F6F828683042EF
:1032800051D13020FEF7F0F8286830424BD1302081
:10329000FEF7EAF82868304245D13020FEF7E4F81E
:1032A000286830423FD13020FEF7DEF828683042EF
:1032B00039D13020FEF7D8F82868304233D1302099
:1032C000FEF7D2F8286830422DD13020FEF7CCF836
:1032D0002868304227D13020FEF7C6F828683042EF
:1032E00021D13020FEF7C0F8286830421BD13020B1
:1032F000FEF7BAF82868304215D13020FEF7B4F84E
:10330000286830420FD13020FEF7AEF828683042EE
:1033100009D13020FEF7A8F82868304203D13020C8
:10332000FEF7A2F80024204670BDC04680130A4074
:10333000F0B585B003900120060201908206802539
:10334000B14F2E4C049602920398054205D0A64830
:1033500007603E462046403006E03E468120A24BB4
:10336000186022602046303002603020FEF77CF882
:103370003746A0480660049E2664FFF76FFF0028CA
:103380002ED03020FEF770F881239A480360266023
:1033900026636D08029AD7D103939348076022648D
:1033A0003020FEF761F89348076007462664FFF770
:1033B00055FF002818D030252846FEF755F811484B
:1033C0000068029003983860266026632846FEF75E
:1033D0004BF80298800E01998143084605B0F0BD74
:1033E00081208449086001E00398386026602663E4
:1033F000002005B0F0BDC04681000600A0120A40C2
:103400004C80424080130A40F0B587B00092019191
:103410000390754E7C49316001208406744D2C6008
:10342000744A116000020690286030273846FEF783
:103430001BF8FFF713FF04908120029030602E46A6
:10344000403E3460103D05942C603846FEF70CF881
:10345000049800281CD06748029F076006983060D7
:1034600028603020FEF700F803984006000EFFF7B2
:103470005FFF0021049100280ED00198FFF758FF4C
:103480000028594C09D00098FFF752FF049004E03F
:103490000026554D059F09E0534C2760059F376076
:1034A0002F603020FDF7E0FF2546049E5649514825
:1034B00001604F4906980860FFF7D0FE302420468F
:1034C000FDF7D2FF50482860494807602046FDF7C5
:1034D000CBFF304607B0F0BDEC80424081000600D3
:1034E000E0120A404C804240F0B589B015460246D1
:1034F0000020002D75D01C46002B72D00392029143
:10350000394E4148306001218F06394B1F60394ADE
:103510001060009108020890186030200590FDF7B7
:10352000A3FFFFF79BFE0490812007903060304896
:103530000646403E376010380697076007460598F4
:10354000FDF792FF0498002824D02A4807990160CB
:10355000049608983060019738603020FDF784FFAA
:1035600003984006000EFFF7E3FE0026002818D05F
:103570000298FFF7DDFE0028069F10D02878FFF79D
:10358000D7FE00280BD0641E6D1C002CF6D10098CD
:10359000059008E000200590134D069F0DE005966C
:1035A00001E00596069F104D079828600498076073
:1035B000019807603020FDF757FF0E49089E12481A
:1035C00008600B4806600646FFF748FE3024204698
:1035D000FDF74AFF0C48286037602046FDF744FF9E
:1035E000059809B0F0BDC046EC804240810006005D
:1035F000E0120A404C804240002804D0007A80004B
:103600001749014A425070478100060010B5002852
:103610000DD0027A9200124B8124D4501C4A00290A
:1036200000D11032016840688850014A885010BDAE
:10363000D0120000002805D0034A1143007A800010
:10364000074A81507047C04680000400002805D01A
:1036500080221143007A8000014A81507047C046A1
:1036600004804240002807D02721C9010CC85058C7
:103670001840411E8841704700207047002806D03E
:10368000034A002900D11032016840688850704711
:1036900090120000B0B5002808D0A3491CC91CC076
:1036A0003CC93CC01CC91CC03CC93CC0B0BDC046E4
:1036B00080B5002803D0A0490E22FCF778FF80BD1A
:1036C000F0B587B088488949416089490160102078
:1036D0000690FDF7C9FE874F87493846FDF75AFF28
:1036E000864903200590086085493846FDF7C2FEEB
:1036F000844D6968002638463246FDF743FF696805
:10370000012438462246FDF73DFF7C488460286846
:10371000204328607C4875494160754901600698DE
:10372000FDF7A2FE794D28467349FDF733FF78492E
:103730000598086028467249FDF79CFE754F796828
:1037400028463246FDF71EFF796828462246FDF7D7
:1037500019FF6F48846038680694204338606E4DC6
:10376000042728463946FFF771FF284618303946A6
:10377000FFF76CFF28463030059C2146FFF766FFB7
:10378000483528463946FFF761FF64483146FFF760
:103790003DFF63483146FFF739FF62483146FFF786
:1037A00035FF614D3035A0030490604F12E004995D
:1037B000604BC2580A43C25027460C372046FFF7D9
:1037C00051FF28705848801900240461361D6D1C73
:1037D000202E37D03C463846FFF70EFF7968069B0F
:1037E000D80381420FD88AB23F2A19DD402A21D05E
:1037F000802A4F480499DBD058038242DCD10598D7
:1038000081064B48D4E74A48001D9A0491420FD0E4
:10381000DA059142CBD0DA049142CDD1C021C7E77D
:10382000102A0BD0202AC7D1059881024048BFE753
:103830003021BDE7059801033D48B9E7059801022D
:103840003B48B5E7E44804604460E2488460446073
:1038500035490C604C608C60CC6030200E5C30319F
:103860004879059008790390C87902908879019089
:10387000CB788F784A7831490868314D05430D601F
:10388000049DF0350869284308612E48016A2E4DD1
:1038900029430162710011432C4A117079001943C8
:1038A0002B4A117001994900029A1143294A11705B
:1038B000016829430160069AC64B1A7303984000B9
:1038C00005990843244908701C60CB480470CB4D0F
:1038D0002A7022480221016021480160204600F040
:1038E0008FF92C7007B0F0BD00088640030000B1CE
:1038F00001000026000086400CD800000011864020
:1039000004D800000418864000080940000009405F
:103910000011094004180940A4D7000080B7000036
:103920008CB7000098B70000F404202020B70000F6
:103930000815000000200A401C06202090330A4091
:1039400000FF000C28300A40F0208C008506202063
:1039500084062020860620208706202080E200E0C2
:1039600000E100E070477047F0B587B0002800D153
:103970002EE10027974A80C2052189010091964CCB
:103980003D4614E00398027D0198FDF7FBFD012000
:10399000E049087002980680059A16801837921C34
:1039A0000498801CA41C6D1C602F00D1F3E00592CC
:1039B000018800290695049013D008B288498842EE
:1039C00000DC87487D210391C900884200DB08465E
:1039D000FDF788F80146E8B2022809D27F20C00529
:1039E0000AE068007C49081821888C23002243E003
:1039F00001D17C4800E07C4807F056F806467B4938
:103A000006F063FF0028754818D1C720010630462C
:103A100006F073FF002802D07048401C0EE0002121
:103A2000304606F047FF002801D1BF2000E03F20CC
:103A30000106304606F074FFFDF70AF80021615ECA
:103A400003B2674A93421A4600DC654A039DED00C3
:103A5000AA4200DB2A46002B04D5002902DD2046BD
:103A6000009B09E08C250029009B00D42B4600B266
:103A7000002800DC2B46204602900DB210B2A8426E
:103A800007DD581806B210B2864200DB0646069DD6
:103A900007E01646069D04DACA1A16B2864200DC12
:103AA0000646B0B289B28142059A00D175E7504806
:103AB000C01903900369002B00D16EE735B2E813FB
:103AC00031464140081A80B2C1087C29019301D9CE
:103AD000002008E047495A587D21C900081A504380
:103AE00006F0E2FD019B43495958039BDA7D012D05
:103AF0000ADB5B7D072B17D801259D40864B1B7881
:103B0000002A0ED02B430DE05B7D350418D0072B27
:103B10002BD801259D40804B1B78002A22D0AB4337
:103B200021E0AB437C4D2B70039B9B7D072B069DB7
:103B30002CD801259D40784B1B78002A22D11FE00C
:103B4000072B05D801229A40734D2B7893432B7095
:103B5000039A927D072A069D18D8012595406E4A42
:103B600013780FE02B436C4D2B70039B9B7D072B31
:103B7000069D0BD801259D40674B1B78002A01D07C
:103B80002B4300E0AB43069D634A1370320400D11F
:103B9000F8E60146F6E65F4C2078012805D15E483C
:103BA000007800F02DF8002020700420094A105EF3
:103BB0000621515E0818C10F4018400850800820A7
:103BC000105E0A21515E0818C10F4018400810808D
:103BD00007B0F0BD1C062020D8052020FF7F000084
:103BE00018FCFFFFA4707D3FAE47813F00FEFF46FB
:103BF000A4D7000008180000850820208408202091
:103C0000F0B581B00746C1093948FFF737FD394E95
:103C1000012430462146FFF731FD00253046294674
:103C2000FFF72CFD7806C10F3148FFF727FD30461E
:103C30002146FFF723FD30462946FFF71FFDB80652
:103C4000C10F2B48FFF71AFD30462146FFF716FD3E
:103C500030462946FFF712FDF806C10F2448FFF74A
:103C60000DFD30462146FFF709FD30462946FFF796
:103C700005FD3807C10F1E48FFF700FD30462146FD
:103C8000FFF7FCFC30462946FFF7F8FC7807C10F28
:103C90001748FFF7F3FC30462146FFF7EFFC3046AC
:103CA0002946FFF7EBFCB807C10F1148FFF7E6FC08
:103CB00030462146FFF7E2FC30462946FFF7DEFC9E
:103CC00027400B483946FFF7D9FC30462146FFF71D
:103CD000D5FC30462946FFF7D1FC074E3046214639
:103CE000FFF7CCFC30462946FFF7C8FC01B0F0BD19
:103CF00080B700008CB7000098B7000010B5054CE5
:103D00002078012805D104480078FFF779FF0020CA
:103D1000207010BD8408202085082020B0B54524DF
:103D2000D74D285D002801D004F0D8FE46200021A0
:103D3000295429552970B0BDB0B503460020002B89
:103D40000FD0CF4C2278002A0BD04625625D0A4363
:103D500007D0452218462146FCF729FC0020605573
:103D60000120B0BD4520C649085C704780B5C448F5
:103D70004C21FCF784FC80BDF0B597B0654D2878E8
:103D8000654F397801290CD10321002831D0012851
:103D900029D0022833D10022804B9C5E322680A39A
:103DA0005FE001260A21092852D8820001A39A580F
:103DB0009746C046DD3D0000333E00001B3E00003C
:103DC000233E0000073E00003B3E0000473E00004F
:103DD0002B3E0000573E0000113E000000216B4AC0
:103DE000545E6BA33BE000226F4B9C5E0A266FA3E0
:103DF00037E000226F4B9C5E0A266FA331E001265C
:103E000065A300242DE00022544B9C5E54A328E0BF
:103E10000022434B9C5E43A323E056490C6856A303
:103E20001DE051490C6851A319E0434A147843A39B
:103E300017E053490C6853A311E00022444B9C5EE9
:103E4000052644A30DE000213E4A545E3EA306E051
:103E500032A3002405E00021344A545E34A30A2131
:103E60000E46401C0090019112A8112154A2FCF7AB
:103E7000DBF93878002813D12878092810D1E01709
:103E8000214641400D1A0A262846314606F00CFC10
:103E90004643A91B00900191002C07D42B2306E078
:103EA00000960DA811214EA2234603E02D230DA854
:103EB000112146A2FCF7B8F93878012810D154A096
:103EC00008A91CC81CC103AA5423938102880A8034
:103ED00080788870524803905248049052480FE00E
:103EE00044A008A91CC81CC103AA0023137302889C
:103EF0000A80807888704348039043480490434880
:103F0000059012A80DA908AA03AB00F0DFF817B0BE
:103F1000F0BDC046820820208308202051310000D7
:103F20001E00202051312042494153001A00202018
:103F30005131205459415700220020205131204254
:103F4000544B0000200020205131204253540000E7
:103F50001C0020205131204C4541440016002020F7
:103F6000513120414E4700001000202051312044A3
:103F7000330000000C0020205131204432000000AA
:103F8000080020205131204431000000140020207E
:103F90005131205350440000415243000000202082
:103FA00041524320414E470002002020415243200D
:103FB0005241440004002020415243205350440009
:103FC00025732025752F25750000000056414C3AB9
:103FD0002563256C642E256C642053543A2E3100E1
:103FE00056414C3A25356C642053543A252D326C99
:103FF000640000004B312B204B322D204B334E45BB
:10400000585400004C495645204B343A4241434BEA
:10401000523A2B4C20202D3A5220333630300000BB
:104020004B312B204B322D204B334E58B0B545250C
:10403000134C6055411E0F290BD204F073FD00286C
:1040400015D0FDF737FBFDF741F8A06400F092FBB7
:10405000B0BD002110280A4604D01228F1D0112842
:1040600005D101220748017007480270E9E70020E6
:10407000605506A009A10CA20FA300F027F8B0BD5F
:104080003805202082082020830820205461736B8B
:104090002051756575652046756C6C0054727920E9
:1040A000416761696E0000004B332F4B342052652D
:1040B0007475726E0000000045444320436F6E74B7
:1040C000726F6C2050726F6A65637400F0B597B0C0
:1040D000019316460F46044605AD681C4321029025
:1040E000FCF7CBFA284622300390443500950F2088
:1040F000C043002201210491034606E0012220254D
:1041000005A9C9180D7608336BD0002C06D0002AFB
:1041100004D1E218157C002D049A01D1002220253B
:1041200005A9C9184D74002C06D0002A04D0E11846
:104130004D7C002D049A01D10022202505A9C91823
:104140008D74002C06D0002A04D0E1188D7C002D3F
:10415000049A01D10022202505A9C918CD74002C8C
:1041600006D0002A04D0E118CD7C002D049A01D19C
:104170000022202505A9C9180D75002C06D0002A9B
:1041800004D0E1180D7D002D049A01D100222025D4
:1041900005A9C9184D75002C06D0002A04D0E118D5
:1041A0004D7D002D049A01D10022202505A9C918B2
:1041B0008D75002C06D0002A04D0E1188D7D002DCD
:1041C000049A01D10022202505A9C918CD75002C1B
:1041D00094D0002A92D0E118CD7D002D8ED00022FF
:1041E0008EE705A900244C74034607E00124202231
:1041F00005A9C91829254A55083372D0002F06D0C1
:10420000002C04D1F9180C7C002C049A01D1002256
:10421000202405A9C91822254C55002F06D0002AB4
:1042200004D0F9184C7C002C049A01D100222024DF
:1042300005A9C91823254C55002F06D0002A04D003
:10424000F9188C7C002C049A01D10022202405A9A5
:10425000C91824254C55002F06D0002A04D0F9187F
:10426000CC7C002C049A01D10022202405A9C91875
:1042700025254C55002F06D0002A04D0F9180C7DB6
:10428000002C049A01D10022202405A9C918262552
:104290004C55002F06D0002A04D0F9184C7D002C74
:1042A000049A01D10022202405A9C91827254C55BC
:1042B000002F06D0002A04D0F9188C7D002C049A17
:1042C00001D10022202405A9C91828254C55002F0A
:1042D0008CD0002A8AD0F918CA7D002A86D0002402
:1042E00086E7002403990C700346029F07E001242F
:1042F000202205A9C9183A254A55083372D0002E44
:1043000006D0002C04D1F1180C7C002C049A01D1A9
:104310000022202405A9C91833254C55002E06D0AB
:10432000002A04D0F1184C7C002C049A01D1002200
:10433000202405A9C91834254C55002E06D0002A82
:1043400004D0F1188C7C002C049A01D10022202486
:1043500005A9C91835254C55002E06D0002A04D0D1
:10436000F118CC7C002C049A01D10022202405A94C
:10437000C91836254C55002E06D0002A04D0F11855
:104380000C7D002C049A01D10022202405A9C91813
:1043900037254C55002E06D0002A04D0F1184C7D4C
:1043A000002C049A01D10022202405A9C91838251F
:1043B0004C55002E06D0002A04D0F1188C7D002C1C
:1043C000049A01D10022202405A9C91839254C5589
:1043D000002E8CD0002A8AD0F118CA7D002A86D0FF
:1043E000002486E7002303994B74019E07E0012314
:1043F000202205A909184B254A55083072D0002EF5
:1044000006D0002B04D131180B7C002B049A01D16B
:104410000022202305A9091844240B55002E06D09C
:10442000002A04D031184B7C002B049A01D10022C1
:10443000202305A9091845240B55002E06D0002A73
:1044400004D031188B7C002B049A01D10022202348
:1044500005A9091846240B55002E06D0002A04D0C1
:104460003118CB7C002B049A01D10022202305A90E
:10447000091847254B55002E06D0002A04D03118C4
:104480000B7D002B049A01D10022202305A90918D5
:1044900048254B55002E06D0002A04D031184B7DFC
:1044A000002B049A01D10022202305A909184925CF
:1044B0004B55002E06D0002A04D031188B7D002BDE
:1044C000049A01D10022202305A909184A254B5539
:1044D000002E8CD0002A8AD03118CA7D002A86D0BE
:1044E000002386E7002000990870BA4D287801283B
:1044F00006D1681C44223946FCF72CF8002807D066
:1045000001262E70681C44223946FCF750F82E55BF
:1045100017B0F0BD10B5002800D1C4E04521AD4A68
:10452000515C12390122D243914200D2BBE087494B
:104530000978854A1278012A16D1022943D0012927
:1045400027D0002900D0ACE0002270498A5E0A23FF
:10455000434398187D229200904200DB1046502879
:1045600000DD9DE050209BE0092900D999E0C0467C
:104570007944097949008F440473585C3E81866907
:10458000974B00225B498A5E0A23434398184B22CB
:1045900036E000225B498B5E0A2214464443E3184E
:1045A0007D242401A34200DB2346574CA34200DCB8
:1045B00023460B801B0474D100281ADA3120C24331
:1045C00028320A806DE000224B498B5E322214466D
:1045D0004443E318494CA34200DB2346484CA34222
:1045E00000DC23460B801B045BD1002801DA31205C
:1045F000C2430A8055E0002238498A5E1018E12241
:10460000D200904200DB1046642849DC642047E079
:1046100000222D498A5E1018322800DB3220312218
:10462000D24390423CDC10463AE00A2141432E48F6
:1046300002E00A2141432A4802685118294A91425E
:1046400000DB1146322917DC322115E020490A78B7
:104650001018282800DB2820C2179043087020E09B
:104660000A214143214802685118214A914200DB46
:104670001146642900DC6421016012E00022164921
:104680008A5E052303E0002212498A5E0A2343431F
:1046900098184B22D200904200DB1046C21790437C
:1046A000088000F067F810BD002208498A5E0A23DE
:1046B000434398184B221201904200DB1046142805
:1046C000EEDC1420ECE7C0461E0020201A0020205B
:1046D00022002020200020201C0020201600202066
:1046E00010002020B80B00000C0020200800202023
:1046F000881300001400202000002020204E00001D
:10470000E0B1FFFF0200202030F8FFFF040020206E
:1047100080B545202F49085C12380121C9438842E1
:1047200010D309480078002801D10A2100E00321B4
:1047300006480278521CD3B2994200D80022027077
:1047400000F018F880BDC046830820208208202091
:1047500010B5204C207800280AD0A06CC821FCF7A6
:10476000D7FC002804D0FCF7B1FCA06400F002F8EC
:1047700010BDC046F0B5CFB03BA804F061FA26A842
:1047800001F086FF04AC2046FCF74AFF45201149A2
:10479000085C401E112801D901F04DF84834400052
:1047A0007844808840008744CC01EC0154018501A5
:1047B000E6001502F502AE013D0333011403C1000A
:1047C0000F0139021700110011000C02FFF7D4FA93
:1047D0004FB0F0BD3805202047ACA01C0E21202290
:1047E0000191FBF725FF0020207442A908743DA920
:1047F00008743A200290607041202070F448429082
:104800004390449045903D903E903F904090209C36
:10481000E017214641400E1A0A253046294605F088
:1048200043FF29464143711A302739434CAA11707E
:104830000A2E039700D219E30A21FBF759FF3943E7
:104840004CA84170642E00D213E36421304605F079
:104850002BFF0A21FBF74CFF39434CA88170EE482F
:10486000864200D808E37D20C100304605F01CFFD9
:104870000A21FBF73DFF39434CA8C170FA48864234
:1048800000D8FCE2F949304605F00EFF0A21FBF79B
:104890002FFF39434CA80171F548864200D8F1E258
:1048A000F449304605F000FF0A21FBF721FF3943A8
:1048B0004CA84171F048864200D8E6E2EF49304604
:1048C00005F0F2FE0A21FBF713FF39434CA8817172
:1048D000EB48864200D8DBE2EA49304605F0E4FEC8
:1048E0000A273946FBF704FF039A11434CA8C1710C
:1048F000E548864200D8CEE2E449304605F0D4FED1
:104900003946FBF7F5FE039801434CA80172E048D5
:10491000864200D8C2E2DF49304605F0C5FE039961
:1049200008434CA948720A200B27B8E2182004AFAC
:104930003B5E1A20385E009047AC1125D64A2046CF
:104940002946FBF771FC1C203B5E1E20385E009060
:1049500042AED24A30462946FBF766FC0C203B5E4D
:104960000E20385E00903DAFCD4A38462946FBF711
:104970005BFCCCA051E2199BBA48471C009747AD9D
:104980001126CB4A28463146FBF74EFC0020205E1C
:10499000C8494143C80F89140818199900907B1A17
:1049A00042ACC54A20463146FBF73EFC3BA8807826
:1049B00004F034F903463DAFC04A38463146FBF7B0
:1049C00033FCBF48294671E03BAFB87804F026F9C4
:1049D000034647AC1125B94A20462946FBF724FC7B
:1049E000062004A90B5E0420085E009042AEB54A82
:1049F00030462946FBF718FC787804F0E5F80346C2
:104A00003DAFB14A38462946FBF70EFCAFA004E2A1
:104A1000062004A9085E199B009047AC1126AF4AF6
:104A200020463146FBF700FC3BA883794079009093
:104A300042ADAB4A28463146FBF7F6FB3DAB302092
:104A40009881A8483D90A8483E90A8483F90A8A0CB
:104A500008E2062004A90B5E0420085E009047A827
:104A600003901126A54A3146FBF7DEFB0227E05FE3
:104A700090494843C20F801480180025625F00905F
:104A80004A43D00F91140B1842AC9D4A2046314640
:104A9000FBF7CAFB26A8435FC05F00903DAF994A71
:104AA00038463146FBF7C0FB9748039922463B4600
:104AB00000F0BFFE062004A90B5E0420085E0090F3
:104AC00047AC11258D4A20462946FBF7ADFB3BA894
:104AD0004079199B009042AE8C4A30462946FBF73C
:104AE000A3FB8B48008801B2002900D54842002171
:104AF000884A535E00903DAF874A38462946FBF707
:104B000093FB864889E1062004A9085E199B009062
:104B100047AC1126714A20463146FBF785FB3BA87E
:104B200083794079009042AD6D4A28463146FBF7C3
:104B30007BFB7B483D907B483E907B483F907BA031
:104B400045E13BAFB87804F069F8034647AC11255E
:104B50005A4A20462946FBF767FBFCF715FB03463C
:104B600042AE754A30462946FBF75EFBFB78787902
:104B700000903DAF714A38462946FBF755FB704817
:104B80004BE13BAFB87804F049F8034647AC112538
:104B90004A4A20462946FBF747FBFCF7F5FA03464D
:104BA00042AE654A30462946FBF73EFBFB787879F2
:104BB00000903DAF614A38462946FBF735FB614816
:104BC0002BE161A062A166A269A300F032FEC0469B
:104BD00020202020062004A9085E199B009047ACE5
:104BE00011253E4A20462946FBF71EFB3BAFBB7909
:104BF0007879009042AE3A4A30462946FBF714FBDA
:104C0000B87804F00BF803463DAF2C4A38462946E5
:104C1000FBF70AFB5A4800E1E70300003BAFB87816
:104C200003F0FCFF034647AC1125244A20462946E1
:104C3000FBF7FAFA062004A90B5E0420085E009038
:104C400042AE204A30462946FBF7EEFA787803F068
:104C5000BBFF03463DAF1C4A38462946FBF7E4FA42
:104C600048A0DAE0E70300000F270000102700004B
:104C70009F860100A08601003F420F0040420F00C6
:104C80007F96980080969800FFE0F50500E1F50515
:104C9000FFC99A3B00CA9A3B98DA0000A4DA0000E8
:104CA000BCDA00004D3220513530204F70656E0067
:104CB000C8DA000067660000D4DA000002DB0000FA
:104CC000F8DA0000ECDA00000CDB00005475726EBC
:104CD000204C65667420393000000000B0DA000016
:104CE00051DA00003130204C393020313020523937
:104CF000513420526F75746500000000E0DA000046
:104D000082DA000078DA000084DB000043DA000079
:104D100000002020020020208CDA00006BDB000065
:104D200034352F34352F34352F3232005132205262
:104D30002D4C2D520000000016DB000035DA00007B
:104D400021DB00002EDB000041626F757400000063
:104D50004D53504D30204C61796572656400000000
:104D60004E6F6E20426C6F636B696E6700000000CF
:104D70004544432032303236205265616479000068
:104D80006ADA00005475726E2052696768743930AF
:104D900000000000062004A9085E199B009047ACA3
:104DA0001126AE4A20463146FBF73EFA3BA88379EE
:104DB0004079009042ADAA4A28463146FBF734FAC2
:104DC000A8483D90A8483E90A8483F90A8483DABD1
:104DD00048E0182004AF3B5E1A20385E009047ACD4
:104DE0001125A44A20462946FBF71EFA1C203B5EEB
:104DF0001E20385E009042AE9F4A30462946FBF79F
:104E000013FA0C203B5E0E20385E00903DAF9B4AAB
:104E100038462946FBF708FA99A0214632463B4618
:104E200000F007FD062004A9085E199B009047AC1E
:104E300011268A4A20463146FBF7F6F93BA88379CA
:104E40004079009042AD864A28463146FBF7ECF99E
:104E50008FA03DAB1946C4C8C4C102880A808078BF
:104E600088708FA021462A4600F0E3FC012002272B
:104E700015E00220032712E0032004270FE004209E
:104E800005270CE00520062709E00620072706E095
:104E90000720082703E00820092700E00920002C4C
:104EA00003D54CA92D220A5438460428044600D3C1
:104EB00004240328039F0BD80420001BC1B247A879
:104EC000801C2022FBF7B4FB0620001BC0B200E0D0
:104ED0000220611ECAB24CAB9A5C47AB1A540E2832
:104EE0001ED800291CD047A90A18A11ECBB24CAE6F
:104EF000F35C53700D2813D8002911D047A90A1864
:104F0000E11ECBB24CAEF35C93700C2808D800299C
:104F100006D047A90818211FC9B24CAA515CC1701C
:104F200047A862490181219CE017214641400E1AA1
:104F30003046294605F0B8FB29464143711A3943EA
:104F40004CAA11700A2E71D30A21FBF7D1FB394309
:104F50004CA84170642E6CD36421304605F0A4FB4C
:104F60000A21FBF7C5FB39434CA8817050488642A3
:104F700062D97D20C100304605F096FB0A21FBF77F
:104F8000B7FB39434CA8C1704A48864257D94A49B1
:104F9000304605F089FB0A21FBF7AAFB39434CA8F0
:104FA0000171464886424DD94549304605F07CFBA3
:104FB0000A21FBF79DFB39434CA8417141488642C9
:104FC00043D94149304605F06FFB0A21FBF790FBBE
:104FD00039434CA881713D48864239D93C49304615
:104FE00005F062FB0A273946FBF782FB039A11435F
:104FF0004CA8C171374886422DD93749304605F053
:1050000053FB3946FBF774FB039801434CA801722C
:105010003248864266D93249304605F045FB03994D
:1050200008434CA948720A200B275CE001200227A4
:1050300059E00220032756E00320042753E0042010
:10504000052750E0052006274DE0062007274AE007
:105050000720082747E00820092744E0B0DA0000CD
:1050600051DA000034352F34352F34352F323200E9
:1050700061DA000098DA0000A4DA0000BCDA00006F
:105080004D312051353020436F756E7400000000A3
:105090003132204132373020352041343230000067
:1050A000513320417263205231303000423A0000C7
:1050B000E70300000F270000102700009F86010073
:1050C000A08601003F420F0040420F007F969800EB
:1050D00080969800FFE0F50500E1F505FFC99A3BD1
:1050E00000CA9A3B0920002C03D54CA92D220A5452
:1050F00038460428044600D304240328039F0AD812
:105100000420001BC1B247A80A302022FBF790FA06
:105110000198001BC5B2601EC1B24CAA515C47AADF
:1051200051550E2D1ED800281CD047A84119A01E8D
:10513000C2B24CAB9A5C4A700D2D13D8002811D026
:1051400047A84119E01EC2B24CAB9A5C8A700C2D84
:1051500008D8002806D047A84019211FC9B24CAA78
:10516000515CC17042A8BF490180229CE0172146D2
:1051700041400E1A0A253046294605F095FA29467F
:105180004143711A39434CAA11700A2E71D30A2176
:10519000FBF7AEFA39434CA84170642E6CD36421FE
:1051A000304605F081FA0A21FBF7A2FA39434CA8F0
:1051B0008170AD48864262D97D20C100304605F03D
:1051C00073FA0A21FBF794FA39434CA8C170A74837
:1051D000864257D9A649304605F066FA0A21FBF700
:1051E00087FA39434CA80171A24886424DD9A24999
:1051F000304605F059FA0A21FBF77AFA39434CA8F0
:1052000041719E48864243D99D49304605F04CFA8B
:105210000A21FBF76DFA39434CA8817199488642FF
:1052200039D99949304605F03FFA0A273946FBF744
:105230005FFA039A11434CA8C171944886422DD954
:105240009349304605F030FA3946FBF751FA039896
:1052500001434CA801728F48864222D98E493046BC
:1052600005F022FA039908434CA948720A200B273B
:1052700018E00120022715E00220032712E0032096
:1052800004270FE0042005270CE00520062709E08D
:105290000620072706E00720082703E00820092743
:1052A00000E00920002C03D54CA92D220A543846D1
:1052B0000428044600D304240328039F0BD80420A9
:1052C000001BC1B242A8801C2022FBF7B1F90620C6
:1052D000001BC0B200E00220611ECAB24CAB9A5C57
:1052E00042AB1A540E281ED800291CD042A90A1815
:1052F000A11ECBB24CAEF35C53700D2813D800291D
:1053000011D042A90A18E11ECBB24CAEF35C9370E7
:105310000C2808D8002906D042A90818211FC9B2B4
:105320004CAA515CC17042A85C490181239CE017E2
:10533000214641400E1A3046294605F0B5F9294666
:105340004143711A39434CAA11700A2E71D30A21B4
:10535000FBF7CEF939434CA84170642E6CD364211D
:10536000304605F0A1F90A21FBF7C2F939434CA8F0
:1053700081703D48864262D97D20C100304605F0EB
:1053800093F90A21FBF7B4F939434CA8C1703748A7
:10539000864257D93649304605F086F90A21FBF78F
:1053A000A7F939434CA80171324886424DD9324998
:1053B000304605F079F90A21FBF79AF939434CA8F0
:1053C00041712E48864243D92D49304605F06CF98B
:1053D0000A21FBF78DF939434CA88171294886428F
:1053E00039D92949304605F05FF90A273946FBF7D4
:1053F0007FF9039A11434CA8C171244886422DD9E4
:105400002349304605F050F93946FBF771F9039806
:1054100001434CA801721F48864241D91E493046BB
:1054200005F042F9039908434CA948720A200B275A
:1054300037E00120022734E00220032731E0032077
:1054400004272EE0042005272BE00520062728E06E
:105450000620072725E00720082722E00820092743
:105460001FE0C046433A0000E70300000F2700009A
:10547000102700009F860100A08601003F420F0018
:1054800040420F007F96980080969800FFE0F50557
:1054900000E1F505FFC99A3B00CA9A3B443A000077
:1054A0000920002C03D54CA92D220A543846042883
:1054B000044600D3042403280AD80420001BC1B2E8
:1054C00042A80A302022FBF7B3F80198001BC5B2AE
:1054D000601EC1B24CAA515C42AA51550E2D1ED875
:1054E00000281CD042A84119A01EC2B24CAB9A5C45
:1054F0004A700D2D13D8002811D042A84119E01E82
:10550000C2B24CAB9A5C8A700C2D08D8002806D029
:1055100042A84019211FC9B24CAA515CC1703DA8D4
:10552000D3490180199FF817394641400D1A0A26C0
:105530002846314605F0B8F831464143691A039CC4
:1055400021434CAA11700A2D01966FD30A21FBF753
:10555000CFF821434CA84170642D6AD364212846BA
:1055600005F0A2F80A21FBF7C3F821434CA881708B
:10557000B248854260D97D20C100284605F094F8E4
:105580000A21FBF7B5F821434CA8C170AC4885420D
:1055900055D9AC49284605F087F80A21FBF7A8F849
:1055A00021434CA80171A84885424BD9A7492846F8
:1055B00005F07AF80A21FBF79BF821434CA84171CA
:1055C000A348854241D9A349284605F06DF80A2130
:1055D000FBF78EF821434CA881719F48854237D94B
:1055E0009E49284605F060F80A263146FBF780F808
:1055F00021434CA8C1719A4885422CD99949284623
:1056000005F052F83146FBF773F821434CA80172BC
:105610009548854222D99549284605F045F80399D1
:1056200008434CA948720A200B2618E001200226E4
:1056300015E00220032612E0032004260FE00420D8
:1056400005260CE00520062609E00620072606E0D0
:105650000720082603E00820092600E00920002F83
:1056600003D54CA92D220A54304605280546039C33
:1056700000D30525042810D80420471BFEB20D2EA8
:1056800000D30D26711C3DA8801C2022FAF7D0FF04
:105690000C2F039C34D8F01C00E00220691ECAB213
:1056A0004CAB9A5C3DAB1A540E2829D8002927D060
:1056B0003DA90A18A91ECBB24CAEF35C53700D285D
:1056C0001ED800291CD03DA90A18E91ECBB24CAE49
:1056D000F35C93700C2813D8002911D03DA90A1847
:1056E000291FCBB24CAEF35CD3700B2808D800292D
:1056F00006D03DA90818691FC9B24CAA515C0171B6
:105700003DA80299817248214172082004A9085ECF
:1057100001B2C91302464A40521A91B2554B4B434B
:10572000DB0C019E35465D43521B22434CAD2A7073
:105730000A2930D3504A15465D432D0C75435B1B37
:1057400023434CAD6B70642928D38B084B4D5D43CC
:105750006B0C15465D432D0C75435B1B23434CAD11
:10576000AB70CB087D2B1CD3454D5D432B0D5A43AD
:10577000120C56439A1B22434CABDA70314A9142C9
:1057800012D309093F4A4A43D10C30314CAA117156
:10579000052106220AE00121022207E0022103225C
:1057A00004E00321042201E004210522002803D59E
:1057B0004CA82D234354114604290C4600D304243D
:1057C00003290AD80420001BC1B23DA80B302022B7
:1057D000FAF72EFF0F20604000E00B20611ECAB2D6
:1057E0004CAB9A5C3DAB1A540E281ED800291CD035
:1057F0003DA90A18A11ECBB24CADEB5C53700D282D
:1058000013D8002911D03DA90A18E11ECBB24CAD26
:10581000EB5C93700C2808D8002906D03DA9081825
:10582000211FC9B24CAA515CC17017A047A942AA56
:105830003DABFEF74BFC4FB0F0BDC046E7030000A8
:105840000F270000102700009F860100A08601009E
:105850003F420F0040420F007F96980080969800CC
:10586000FFE0F50500E1F505FFC99A3B00CA9A3B48
:10587000533A0000CDCC00009A1900007B140000C0
:10588000C5200000470300004F444F4D00000000BA
:10589000F0B5714D0020714A714E724929606860FF
:1058A000AE60EA60286168616F4F704B70491160AB
:1058B000111D89C11561506113466E496E4C6F4AC6
:1058C0003A607860B860FC603B6179616C496D4B0F
:1058D0006D4A22606060A360E160276160616B4A8D
:1058E0006B4F0F6048608860C8600C614A6169490D
:1058F000694F6A4A31607560B060F760306172610B
:10590000674A6849684C3A607D60B860F9603E61FA
:105910007C61664A664E674C0C604D608860CE6064
:105920000F614A61644A654F654C34607560B060D0
:10593000F76031617261634A634964A43C607D60D1
:10594000B860F9603E617A61634A644E64A40C6099
:105950004D608860CE600F614A61654A654F66A4FC
:1059600034607560B060F760316172616549664AA4
:1059700066A43C607D60B860FA603E617961664C07
:10598000664967A6166055609060D16017615461E2
:10599000674C684E68A70F604D608860CE600A61F2
:1059A0004C61684F684B33607560B060F060316186
:1059B0007761664A664967A52C4C2560274B636072
:1059C000A060E16020616261664A674D67A60E6073
:1059D0004B608860CD600C614A61684E684A69A47A
:1059E0002C606B60A860EA6029616E616849694C4F
:1059F00069A6166053601646083631C65161524991
:105A00000AC42060083C21460C3185C1654A6649BC
:105A100066A31C4C2360184D6560A060E1602061A6
:105A200062612646644B654A65A430C108390C465C
:105A3000083445C44B61664B66A430C210605360A5
:105A40009160D060404922C31860083B19460C3170
:105A5000083A85C1F0BDC046A00A2020B80A20201F
:105A6000180B20204FDB0000D00A2020200C202023
:105A700074DB00003BA60000E80A202039DB0000B0
:105A8000000B2020980C20205DDB0000A1A5000069
:105A900092DB00001FDB0000600B20201DA6000031
:105AA0002CDB0000780B202027A6000045A6000074
:105AB000900B202082DB0000ABA50000A80B20206B
:105AC00069DB0000CDA50000C00B20202020476F1F
:105AD00020313030306D6D0013A60000D80B20202F
:105AE0002020526F757465203235304C5200000012
:105AF000EBA50000F00B202020205132204C2D522D
:105B00002D4C0000F5A50000080C2020202051326B
:105B100020522D4C2D520000FFA50000300B2020FC
:105B20002020513320417263205231303000000078
:105B300009A60000480B20202020513420526F7508
:105B400074650000C1A5000048DB0000D7A5000077
:105B5000380C202020204D3120537065656420438F
:105B60004C000000E1A50000500C202020204D3208
:105B7000205370696E204F4C000000004FA60000BB
:105B8000680C202020205475726E204C39300000A3
:105B900059A60000800C202020205475726E2052DF
:105BA0003930000031A60000B00C202020205131F7
:105BB0002054756E696E6700B5A50000C80C2020E2
:105BC00020204172632054756E696E6700000000EA
:105BD000E00C20202020436F6D6D6F6E00000000F0
:105BE000654800787047C04670B50546624C661C33
:105BF00045213046FAF741FD00F03CFA2846FEF711
:105C000015FA012530462946FEF796F8002821D0DE
:105C1000257001F0CBFEA21C00261025304631462F
:105C20002B4602F02DF922461332022130462B4634
:105C300002F026F922462432042130462B4602F097
:105C40001FF935340621304622462B4602F018F95A
:105C500002F0EEF970BDC046F0B581B0464C207838
:105C6000002857D0651C002628463146FEF764F808
:105C7000002824D001F09AFEA21C00962E46002592
:105C80001027284629463B4602F0FAF822461332EE
:105C9000022128463B4602F0F3F822462432042132
:105CA00028463B4602F0ECF82246353206212846CB
:105CB0003546009E3B4602F0E3F802F0B9F900F0E9
:105CC0005FF80746FEF74EF8102803D0FEF74AF8B3
:105CD000112809D1032F23D0022F1DD0012F0ED15F
:105CE0000120FEF717FC1DE0012F08D1FEF73AF85E
:105CF0000F280FD1FBF7E8FCFBF7DCFC12E0F81EE5
:105D0000012807D82670FEF709F800F0B3F91B4800
:105D100000F0EAF801B0F0BDF043FEF7FBFB01E054
:105D2000FEF7F6FC01212846FEF706F80028F1D020
:105D300001F03CFEA21C00261025304631462B46C1
:105D400002F09EF822461332022130462B4602F022
:105D500097F822462432042130462B4602F090F870
:105D600035340621304622462B4602F089F802F0EF
:105D70005FF901B0F0BDC0462F062020940420201A
:105D8000F0B581B001252903494802680A40544210
:105D900054412E020368334000D1641C00956E020A
:105DA0000768374000D1641C0668760500D4641C7F
:105DB000E4B22546641E66426641002F01D00424E9
:105DC00000E00324002B2F4600D10224002A324693
:105DD00000D02246012F00D1164602680A405442E4
:105DE00054410168C90500D4641C0168890500D4C8
:105DF000641C0068400500D4641CFBF767F9054685
:105E0000A84A1078012806D1200615D0A3480560BD
:105E1000002001B0F0BDE0B201280AD99D49002060
:105E200008709D4908709D490D609D49087001B03A
:105E3000F0BD9948007810E0144698480068142195
:105E4000FBF766F90028E3D093490020087022464A
:105E5000207090490870924908701446864202D119
:105E60008E48006804E08D4805608B48067028461F
:105E70001421FBF74DF901460020002916D0854971
:105E80000A78964205D00E70012F02D08449002076
:105E9000CCE78349012F009B1A4600D10A78D2072C
:105EA00004D123700B707D480560304601B0F0BD11
:105EB00080330A4070B50D460446764800260670C9
:105EC00075480670FBF702F974490860744806705B
:105ED0007448067004222046294600F006FB20463E
:105EE00000F002F870BDC046F0B587B0002849D078
:105EF00004460068002845D001F058FD617A256805
:105F0000002936D003200840042907D2002830D0C9
:105F1000002D1DD0ED6801281DD12AE0FC22114082
:105F20000022134603E01B1DDEB28E42EED0002D90
:105F3000164600D0EE68002E154600D0F568002DFC
:105F4000164600D0EE68002E1546ECD0F568EAE75C
:105F5000002501280DD0002D03D0ED68022803D1C3
:105F600007E00025022804D0002D01D0ED6800E0F4
:105F7000002568426841A17A4A424A41024303D05F
:105F800002F056F807B0F0BD012001900027384E0E
:105F900001E00129F4D0207A296805960496039639
:105FA00002960A78002A47D002AB1A704A78002A73
:105FB00042D002AB5A708A78002A3DD002AB9A7068
:105FC000CA78002A38D002ABDA700A79002A33D0B6
:105FD00002AB1A714A79002A2ED002AB5A718A7923
:105FE000002A29D002AB9A71CA79002A24D002ABC8
:105FF000DA710A7A002A1FD002AB1A724A7A002A92
:106000001AD002AB5A728A7A002A15D002AB9A7261
:10601000CA7A002A10D002ABDA720A7B002A0BD0AF
:1060200002AB1A734A7B002A06D002AB5A73897BF3
:10603000002901D002AA917302A900220A74F9B2C0
:106040004900874205D1002002AA102301F060FF19
:1060500004E0002002AA102301F012FFED6868425C
:106060006841A17A7F1C8F42019992D2014690E744
:106070002020202010B50748002404700648047032
:10608000FBF724F80549086005480470054801211C
:10609000017010BD88052020840520208C0520205B
:1060A000900520209405202010B50446FFF768FED7
:1060B000042815D8784400794000874415020A0E58
:1060C0000600204600F041FA0AE0204600F011F8F0
:1060D00006E0204600F0A6F802E0204600F073F942
:1060E000FFF77EFD002800D010BD2046FFF7FCFE24
:1060F00010BDF0B581B0002847D00168002944D018
:106100004B68002B41D01A461469002C11460BD065
:106110002269002A214607D01469002C114603D0B9
:106120002269002A2146EFD1002299421CD00C4658
:10613000E468002C12D09C4210D0E468002C0FD0F0
:106140009C420DD0E468002C0CD09C420AD0121D59
:10615000E468002C08D09C42EAD105E0012302E06B
:10616000022300E003231A43837A002B0DD000267C
:106170000D463446ED68002D09D0ED68A61C002DB3
:10618000F7D101252C43350605D101B0F0BD01261C
:1061900026433506F9D0D7B2F5B2BD4200D8224623
:1061A000F41A0094E6B2BE4200D33E46D7B29D42F6
:1061B00000D80026B742144606D3F418E4B2A7422A
:1061C000344601D3D41A641C0160009EF6B2E4B2D6
:1061D000A64204D29D4205D9130606D11CE02646EC
:1061E0009D42F9D80026130616D01346C968002927
:1061F00012D0DDB2012D0FD0C96800290CD0022DBC
:106200000AD0C968002907D0032D05D0C968002924
:1062100002D01B1F1C06E9D146724160911B01721E
:1062200001B0F0BDF0B582B0002826D04268002A47
:1062300023D00368002B20D01C69002C19460BD0FA
:106240002369002B214607D01C69002C194603D076
:106250002369002B2146EFD100230C46E468002C73
:106260000DD0E468002C0CD0E468002C0BD0E4685E
:106270001B1D002CF2D11C0609D102B0F0BD012477
:1062800002E0022400E0032423431C06F5D09142DF
:1062900019D000260D463446ED68002D19D09542E0
:1062A00017D0ED68002D10D095420ED0ED68002D6E
:1062B0000DD095420BD0ED68002D02D0261D9542E1
:1062C000E9D1032204E0012504E0012200E00222DA
:1062D0001443A51CDAB2EEB2964211D2837A002B97
:1062E000CBD0427A009200270C463A46E468002C54
:1062F00021D0E468971C002CF7D1012422431CE034
:10630000827A002AB9D000220C46E4680123002CCE
:106310000AD0E468002C07D0E468002C04D0E468BC
:10632000121D002C1346F0D11A06A6D0002242728C
:106330000160416044E0012717433C069DD0FCB258
:106340000194B44200D81546FA1AD6B2009CA6426F
:1063500000D32646EFB2019C9C4200D80026B742EB
:106360002C4606D3F418E4B2A742344601D3EC1A03
:10637000641C0160D2B2E4B2A24200D32246019C66
:106380009C422E4600D80022330616D03346C968F8
:10639000002912D0DDB2012D0FD0C96800290CD020
:1063A000022D0AD0C968002907D0032D05D0C9687D
:1063B000002902D01B1F1C06E9D142724160B21AAB
:1063C000027202B0F0BDF0B581B000284DD0416836
:1063D00000294AD08B68002B2AD01A461469002C59
:1063E00011460BD02269002A214607D01469002CDF
:1063F000114603D02269002A2146EFD1002299429A
:1064000022D00C46E468002C18D09C4216D0E468D8
:10641000002C15D09C4213D0E468002C12D09C4272
:1064200010D0121DE468002C0ED09C42EAD10BE083
:106430004869002819D0804701B0F0BD012302E06F
:10644000022300E003231A43847A002C0DD000239A
:106450000E461D46F368002B09D0DE68AB1C002EEB
:10646000F7D1012635431E0605D101B0F0BD012349
:106470002B431E06F9D00160D7B2DEB2BE4200D86F
:106480002A46D5B20027A542009701D3171B7F1CCF
:10649000FFB21B1BDBB2BB4204D2A64205D9002DC2
:1064A00006D11CE03B46A642F9D8009B002D16D031
:1064B0001446C968002912D0E5B2012D0FD0C96871
:1064C00000290CD0022D0AD0C968002907D0032D5D
:1064D00005D0C968002902D0241F2506E9D14372DE
:1064E0004160D11A017201B0F0BD10B500282BD067
:1064F000002929D082720C69002C0B460BD021692F
:106500000029234607D00C69002C0B4603D02169D3
:1065100000292346EFD1002A16D000211C46E4684A
:106520000122002C0AD0E468002C07D0E468002C7B
:1065300004D0E468091D002C0A46F0D1110603D0EE
:10654000036043600021018110BDF0B583B00028D5
:1065500023D04368002B20D00268002A1DD0146984
:10656000002C11460BD02269002A214607D014695D
:10657000002C114603D02269002A2146EFD10022C7
:106580000D461446EA68002A09D0D568A21C002DE1
:10659000F7D101252C43120604D103B0F0BD01222E
:1065A0001206FAD0994212D000250E462A46F66805
:1065B0000125002E09D09E4207D0951CF668002EBA
:1065C00001D09E42F2D101231A432B0600D122466C
:1065D000837A002BE1D0447A00270D463E46ED68D1
:1065E000002D06D0ED68B71C002DF7D101252E43F4
:1065F00001E0012737433D06CFD00194D4B2FDB26C
:106600000295A54200D83246FC1A0094E7B2019DDB
:10661000AF4200D32F46D4B2029D9D4200D800273E
:10662000BC42164606D3FE18F6B2B4423E4601D32B
:10663000D41A661C0160009CE4B2F6B2B44204D2E3
:106640009D4205D9130606D11CE034469D42F9D877
:106650000024130616D01346C968002912D0DDB2F3
:10666000012D0FD0C96800290CD0022D0AD0C968AD
:10667000002907D0032D05D0C968002902D01B1FAF
:106680001D06E9D144724160111B017203B0F0BDD7
:1066900080B5002803D047495422F9F793FD80BD07
:1066A000F0B585B043485421F9F7E9FF424830215D
:1066B000F9F7E5FF41480190414F0097414C424DA9
:1066C000424A002620462946334601F0A9FD00979C
:1066D0003A48019027461C37384629463B4A3346FC
:1066E00001F09EFD3648009034480190354C383416
:1066F00020462946354A334601F092FD3048009045
:106700002E4801902F4D543528462F492F4A3346A5
:1067100001F086FD2E4801902E480090FD20810555
:106720002D482E4A334601F07BFD2D4801902D481F
:1067300000902D482D492E4A334601F071FD2D4819
:1067400001902D4800902D482D492E4A334601F0E6
:1067500067FD2D4801902D4800907D20C1052C48F3
:106760003246334601F05CFD164801F064FD3846C0
:1067700001F061FD204601F05EFD284601F05BFD61
:10678000154801F058FD184801F055FD1B4801F06F
:1067900052FD1F4801F04FFD07488685866206843A
:1067A000044806600396029602A8FDF7DDF805B0DE
:1067B000F0BDC046040A2020A40620200000344377
:1067C000000034C3100920207B142E3E6F12033CBE
:1067D00000008243000082C3D40420200AD7233C57
:1067E0000000E1440000E1C4A4042020000028418E
:1067F0000AD7A33C00004843000048C3800A202079
:106800008FC2F53D6F12833A00009644000096C493
:10681000E0052020F0B5C5B000250D950C950B9531
:106820000A95099508953AAC2046FAF7A3FC18A8F2
:106830000690FAF7F5FE15A8FBF7D0FA0EA8FCF7BC
:106840009FF9F94F39782078884255D17A883AAB48
:106850005B88934250D17A683B9B93424CD13A89F2
:106860003AAB1B89934247D17A893AAB5B89934211
:1068700042D1BA893AAB9B8993423DD1FA893AAB6E
:10688000DB89934238D13A8A3AAB1B8A934233D19F
:106890007A8A3AAB5B8A93422ED13A7D3AAB1B7D22
:1068A000934229D17A7D3AAB5B7D934224D13AAAB7
:1068B000927DBB7D9A421FD1FB7D3AACE47D9C4228
:1068C0001AD13B7E3AAC247E9C4215D17B7E3AACF9
:1068D000647E9C4210D1BB7E3AACA47E9C420BD11C
:1068E000FB7E3AACE47E9C4206D13B7F3AAC247FEF
:1068F0009C4201D1012639E02422BD54042903D051
:106900002A46032803D103E01422032800D02A4694
:106910002323FA54052903D02946032804D104E08F
:10692000C2490978032800D0294622203954C04C96
:10693000204601F080FC20461C3001F07CFC204603
:10694000383001F078FC5434204601F074FCB9482A
:1069500001F071FCB84801F06EFCB84801F06BFC26
:10696000B74801F068FC3AA8827D2E46002A1AD06A
:106970002020385C411E8841064219D13AA8C07EC9
:1069800000280BD02D98FAF7ADF804463B98FAF79B
:10699000A9F80146204603F0C3FF02E03B98FAF74E
:1069A000A1F8B862012520203D54A24801F043FC23
:1069B000069804464834843006903AA8C07D0028E2
:1069C0000CD02120385C411E8841064211D13AA8E2
:1069D000027F15A9002A03D0881C02E0002003E0F2
:1069E00008300088B885012021217854924801F0B0
:1069F00022FC069800785021924D68540027EF64DD
:106A00001598E8861498A8872D98A86215A9498832
:106A10002986216829623AA9097800296DD03AAA05
:106A2000012900D098E0917E002900D194E0804CAB
:106A3000204601F000FC20461C3001F0FCFB204603
:106A4000383001F0F8FB5434204601F0F4FB79486B
:106A500001F0F1FB784801F0EEFB784801F0EBFB28
:106A6000774801F0E8FB00206F4988858862088438
:106A700010203AAC205EFAF735F80546724E3146E2
:106A800003F023FF002800D12E46704D30462946E2
:106A900003F033FF0028284600D13046F9F7D8FF2D
:106AA000014612200794205E42AFF9800691B9801A
:106AB000FAF718F80646644C214603F006FF002852
:106AC00000D134462046294603F017FF002800D1A4
:106AD00025462846F9F7BCFF788038805949488018
:106AE000069808803846FCF73FFF4F4C079D0FCDB6
:106AF0000FC40FCD0FC445B0F0BD4D4C204601F082
:106B00009AFB20461C3001F096FB2046383001F0FD
:106B100092FB5434204601F08EFB464801F08BFB7B
:106B2000454801F088FB454801F085FB444801F0E9
:106B300082FB00243C48848584622221F9F79FFD72
:106B4000281D5021F9F79BFD2C604394429442A8E4
:106B5000FCF70AFF45B0F0BD3AA9897D002924D091
:106B60002021314A515C00291FD0F9F7BBFF0246B2
:106B70002D4CA16A2F48364B01F063FB06464C2092
:106B80000121079129544F200106A46A204603F0F1
:106B90009CFE304D00282BD1CF200106204603F06B
:106BA000ACFE002814D06D1C22E040216F526862B8
:106BB000AF853AA8407D002806D002203AA9085E99
:106BC000F9F790FF0746D0E01A4801F034FBCCE01B
:106BD0000021204603F06EFE002801D1BF2000E016
:106BE0003F200106204603F09BFEF9F731FF0546E2
:106BF000144845621849304603F067FE0028174FD5
:106C0000384635D1C7200106304603F076FE00280D
:106C100002D0124F781C2BE00021304603F04AFED0
:106C200000281DD1BF201CE0A40620202200202027
:106C300010092020D4042020A4042020800A202031
:106C4000E0052020040A202000007A4400007AC4D5
:106C50000AD7233CFFFFFF7F00FEFF46FF7F0000B7
:106C60003F200106304603F05BFEF9F7F1FEFC4FD2
:106C70004021FC4A50522D98F9F734FF0146204636
:106C800003F06AFF0446F84903F01FFE002819D1FB
:106C9000C7200106204603F030FE002802D0F0484D
:106CA000471C0FE00021204603F004FE002801D11C
:106CB000BF2000E03F200106204603F031FEF9F737
:106CC000C7FE0746E7498F853AA8407D002814D0C3
:106CD000886A281AC1174840451A02203AA9085E56
:106CE000F9F700FF04460798C707142D08D8DF48B6
:106CF00001F0A1FA00252E4626E037460D4634E085
:106D0000BC43772D1FD8143D2846F9F7EBFED84930
:106D1000F9F7EEFD0546D749204603F001FE294666
:106D200003F0C2FED44D294603F0FAFD0790294630
:106D300003F0E3FD002800D1079D2846214603F01B
:106D4000DCFD002800D125466F403046394603F06F
:106D5000D4FD04463046294603F0B7FD002800D193
:106D60003546002C00D12F46BE4D3AA80478032C9E
:106D700015D1407D002812D02220C04A115C002984
:106D80000DD0491E11540020BD49085EF9F7AAFE36
:106D900006463846314603F0B0FD002800D13E4695
:106DA00007962320B54F0490385C411E8841E11EB0
:106DB0004A424A410240059215A83AA9C97D0029D4
:106DC00017D0007A002814D02120385C002810D079
:106DD00015A84688B88D851B042C15D129B2C91376
:106DE0002A464A40511A09B2E122920091420FDC30
:106DF00017E0422000262E526E8615A84088E885AE
:106E0000A04801F018FA66E00599002909D0BE856E
:106E10009C4801F010FA00263AA80078032826D0F2
:106E20003BE000B2F9F75EFE044630B2F9F75AFED5
:106E300002469448944B214601F003FA04463AA8CE
:106E40000078042810D1914E2046314603F03DFDD4
:106E5000002800D126468E4C3046214603F035FDF1
:106E60000028D9D12646D7E72646032815D128B2CF
:106E7000C01329464140081A00B20A280DDC4D20F3
:106E8000002678490E54B88DC8850021304603F09D
:106E900011FD002814D1BF2013E00021304603F07B
:106EA000FEFC414241414D206E4A1154B88DD085BF
:106EB0006D49304603F009FD00285AD0684806E0C5
:106EC0003F200106304603F02BFDF9F7C1FD4221BA
:106ED000644A505255860A203AAC205EF9F702FE09
:106EE0000146207E0125002800D1E907304603F045
:106EF00017FD07460EA8617E002930D0807E00284D
:106F00002DD00E203AAE305EF9F7ECFD0446182085
:106F10000EA9085EF9F7E6FD02465E485A4B214687
:106F200001F08FF904464F2001214E4A1154F68991
:106F300056873846214603F0F3FC07464A49204667
:106F400003F0C3FC002846482CD1C7200106204688
:106F500003F0D3FC002816D04148401C22E0442016
:106F60000021404A11525187D1874A4801F063F904
:106F70001EE0C7200106304603F0BFFC002884D085
:106F80003748401CA3E70021204603F093FC00286B
:106F900001D1BF2000E03F200106204603F0C0FCE5
:106FA000F9F756FD44212F4A50521498301AD087D1
:106FB0003AA9087E0E78042E36D1002834D03AA89B
:106FC0008089002800D18CE000B2F9F78BFD0446DF
:106FD0003149079E304603F067FD05462F4920469C
:106FE00003F062FD01462846F9F782FC0146384667
:106FF00003F096FC07462A4D28402A4903F065FC19
:10700000002800D1074625402749284603F075FC93
:1070100005462649304603F047FD2146F9F768FC4E
:10702000002D66D1044665E03AA9CA7D1043497E29
:10703000014315A800293DD0007A00283AD015A8B0
:1070400044880E48808D02900598002872D0002652
:1070500004488686164801F0EEF8039641E1C046E2
:10706000FF7F0000040A202000FEFF46D4042020F9
:107070000000C842000016C300001643A4062020EA
:1070800020002020A40420200AD7233C0000AF4485
:107090000000AFC4E005202000C82F48DA0F4940A7
:1070A000FFFFFF7F0000A0416F12833A0000704293
:1070B000800A202046200026F14D2E522E87F149CD
:1070C000384603F002FC0028EF4800D0DBE0C72080
:1070D0000106384603F011FC00286DD0EA48401C38
:1070E000D1E04E200121E64D295400262E87AE86A0
:1070F000B0E0002415A8007A002838D0002015A997
:10710000085EF9F7EFFC0246E048E14B394601F032
:1071100098F80646DF4D294603F0D7FB002800D13A
:107120003546DD4E2846314603F0CFFB002822D1FC
:10713000354620E001940120C10738468843D749ED
:1071400003F0C3FB411E8841032E294600D10146AE
:10715000002401292046264600D0B3E0C94938461C
:1071600003F0B3FB002800D192E0C748A9E0C7486C
:1071700001F061F800252046294603F0D1FB0646C0
:10718000C049384603F0A1FB00283C46BE4F3846B4
:10719000BB4D21D1C7200106204603F0AEFB0028DD
:1071A00002D0B94F781C17E00021204603F082FB83
:1071B000002809D1BF2008E00021384603F07AFBFF
:1071C000002859D1BF2058E03F200106204603F097
:1071D000A7FBF9F73DFCAC4FA886002015A9085E77
:1071E000F9F780FC0146204603F0B6FC0446A549A9
:1071F00003F06BFB0028384617D1C7200106204654
:1072000003F07BFB002801D0781C0EE00021204613
:1072100003F050FB002801D1BF2000E03F20010611
:10722000204603F07DFBF9F713FC4E2101226A543E
:1072300028879449304603F048FB002801D038469F
:1072400017E0C7200106304603F057FB002801D0A5
:10725000781C0EE00021304603F02CFB002801D101
:10726000BF2000E03F200106304603F059FBF9F74C
:10727000EFFB46216852B6E03F200106384603F096
:107280004FFBF9F7E5FBA886804800F0D4FFAAE0A1
:10729000C7200106384603F030FB002802D07A48A8
:1072A000401C0EE00021384603F004FB002801D109
:1072B000BF2000E03F200106384603F031FBF9F71C
:1072C000C7FB3E466E49888615A8005FF9F70AFCA1
:1072D00002466E486E4B0396314600F0B2FF0646FA
:1072E000019C3AA80778052F24D1C07D002821D021
:1072F0000298001B04B2012C634F05DB00213046CD
:1073000003F0FBFA002807D1002C23D500213046DA
:1073100003F0DBFA00281DD04E200121584D2954DE
:107320000026039C0021304603F0C4FA00281ED139
:10733000BF201DE00120C1073046884341210906D6
:1073400003F0C3FA411E8841032F00D10546012DE9
:107350004D4FE1D14E200121494D29544949304634
:1073600003F0B3FA00282CD03846039C06E03F20F7
:107370000106304603F0D4FAF9F76AFB4621685259
:10738000002015A9085EF9F7ADFB0146204603F081
:10739000E3FB04463B4903F098FA0028384621D124
:1073A000C7200106204603F0A8FA002801D0781C67
:1073B00018E00021204603F07DFA00280BD1BF2001
:1073C0000AE0C7200106304603F097FA0028039C24
:1073D000A8D0781CD2E73F200106204603F0A0FA8F
:1073E000F9F736FB2887079C2046314603F0B4FBAB
:1073F00007462046314603F093FA06463AA800783D
:10740000079003281CD100252548405FF9F76AFB47
:10741000244903F049FB04460598002800D125467D
:107420003046294603F098FB06460598002801D00F
:107430000120C407124D3846214603F071FA074671
:107440000D970C970B960A960E49304603F03DFABD
:10745000002804D00C49A9802298A88135E0229800
:10746000A881C7200106304603F047FA04460021F0
:10747000304603F01FFA002816D1BF2015E0C046A1
:10748000040A202000FEFF46FF7F0000800A202023
:107490000AD7233C00004842000048C20000F041E7
:1074A0001E002020CDCCCC3D3F200106304603F00D
:1074B00037FAF9F7CDFAEB49491C002C0A4600D1FE
:1074C0000246AA80002C00D10146E98018A8408D10
:1074D000E881E549384603F0F8F9002807D0E14F84
:1074E0002F816F81239828613946E04C22E0239850
:1074F0002861C7200106384603F0FFF90446002141
:10750000384603F0D7F9002801D1BF2000E03F2022
:107510000106384603F004FAF9F79AFAD14F791CBC
:10752000002C0A4600D102462A816A81002CCF4CE9
:1075300000D10146A983CC49304603F0C6F90028A2
:10754000384617D1C7200106304603F0D6F9002887
:1075500001D0781C0EE00021304603F0ABF9002882
:1075600001D1BF2000E03F200106304603F0D8F9EA
:10757000F9F76EFAE8833AA80799052917D1C07D73
:10758000002814D015A84088A18D081A06B2F1135E
:107590004840411A08B2142873DC462029460025C9
:1075A0000D524D618D61099508952846CDE0142452
:1075B000F14E0AA80CE03846F9F74AFA08A9091969
:1075C000143908800798001D1C36A41C1C2C53D0AD
:1075D000079005682846ED4903F066FA07460698C5
:1075E0000078002813D018A800191421405EF9F77C
:1075F00079FA024630462946E24B00F022FE054663
:10760000E14903F062F9002806D0DD481DE030466C
:1076100000F011FE002509E0C7200106284603F00E
:107620006CF9002802D0D648401C0EE00021284604
:1076300003F040F9002801D1BF2000E03F200106FF
:10764000284603F06DF9F9F703FACC490853384698
:10765000294603F065F90746CD4D294603F035F973
:10766000002800D13D462846CA4F394603F045F967
:107670000028A0D12F469EE7C048458B008BC04F05
:1076800063E08AB2772A0AD83C224A43C249511899
:1076900089B28908C14A4A43540C643400E0A024EA
:1076A000F9F720FA05462046F9F71CFA0446BC49CA
:1076B000284603F0F9F9214603F032F905461598FA
:1076C00001B2C9134840401A00B2F9F70BFAB549A4
:1076D00003F0EAF90146284603F022F9054621465F
:1076E00003F00BF9002800D12C46AF4D2046294667
:1076F00003F0EBF8002800D12546A54C284621468A
:1077000003F0E3F8002800D12C46A24D204629467C
:1077100003F0F3F8002800D125462846F9F798F938
:107720004242002E014600DC11464623934CE152B2
:10773000002E00DC024608A8C280828041800180C1
:10774000099808996161A061050C00B2F9F7CAF9BE
:10775000044628B2F9F7C6F90146204603F0E0F8DE
:107760003F263406214603F09FF90546864903F07B
:10777000ACF80028384616D1C7200106284603F089
:10778000BCF8002801D0781C0DE00021284603F049
:1077900091F8002801D1BF2004062846214603F0B5
:1077A000BFF8F9F755F94821744D68521420285E46
:1077B000F9F798F904461620285EF9F793F901467F
:1077C000204603F0ADF83406214603F06DF9054676
:1077D0006D4903F07AF80028384616D1C720010613
:1077E000284603F08AF8002801D0781C0DE000211B
:1077F000284603F05FF8002801D1BF200406284680
:10780000214603F08DF8F9F723F94A215B4A5052DB
:1078100006980078002802D100205061906100276E
:1078200008ADE85FF9F75EF904460220285EF9F733
:1078300059F90146204603F073F83406214603F057
:1078400033F90546504903F040F800284C481DD153
:10785000C7200106284603F050F8002808D0484801
:10786000401C13E0FF7F000000FEFF46A40620201E
:107870000021284603F01EF8002801D1BF2004068D
:107880002846214603F04CF8F9F7E2F83B494880D6
:10789000042008AD285EF9F725F904460620285E85
:1078A000F9F720F90146204603F03AF8340621465C
:1078B00003F0FAF80546344903F007F8002801D030
:1078C0002F4918E0C7200106284603F016F80028C3
:1078D00002D02B49491C0EE00021284602F0EAFFA5
:1078E000002801D1BF2004062846214603F018F8DD
:1078F000F9F7AEF801462148018008A8FCF734F8F2
:1079000005980028049C23D0159801B2C91348405B
:10791000401A00B2B42807DC2421164B585CFF281B
:107920001ED11946012702E0242012490F54085D98
:10793000002808D0401E0F490855C0B2411E88419A
:10794000F943014204D1242000210A4A115411555F
:107950003AA8084D1EC81EC51EC81EC545B0F0BDBC
:10796000421C5A54022802D800270249DFE70127A7
:107970000049DCE7A406202010092020040A20206A
:10798000FF7F00000AD7233C00FEFF46333333401D
:1079900000007A4400007AC482FBFFFF7B140000E1
:1079A0006666863F0AD7A3BD00002A4480B5012041
:1079B00081028648F8F763FE80BDC046F0B583B00B
:1079C000029040B2804D10350028284600DA7E48EB
:1079D0000124E103019101602046F9F716FE6604D7
:1079E000784F3E602046F9F710FE3E612046F9F7D9
:1079F0000CFE02984006284600D5734801990160A4
:107A00002046F9F702FE6F4F3E602046F9F7FDFD74
:107A10003E612046F9F7F9FD02988006284600D518
:107A20006948019901602046F9F7EFFD654F3E6016
:107A30002046F9F7EAFD3E612046F9F7E6FD029897
:107A4000C006284600D56048019901602046F9F734
:107A5000DCFD5C4F3E602046F9F7D7FD3E612046D5
:107A6000F9F7D3FD02980007284600D5564801993A
:107A700001602046F9F7C9FD524F3E602046F9F7F4
:107A8000C4FD3E612046F9F7C0FD02984007284634
:107A900000D54D48019901602046F9F7B6FD494FE0
:107AA0003E602046F9F7B1FD3E612046F9F7ADFD95
:107AB00002988007284600D5434801990160204676
:107AC000F9F7A3FD3F4F3E602046F9F79EFD3E616A
:107AD0002046F9F79AFD0298C00700D03A4D019868
:107AE00028602046F9F791FD364D2E602046F9F7C3
:107AF0008CFD2E612046F9F788FD2E602046F9F7AF
:107B000084FD2E612046F9F780FD03B0F0BDC0462C
:107B100010B5012460042B4908602046F9F775FD73
:107B2000E003294908602046F9F76FFDAE2000F018
:107B300001FBD52000F0FEFA802000F0FBFAA8201F
:107B400000F0F8FA3F2000F0F5FAD32000F0F2FA46
:107B5000002000F0EFFA402000F0ECFAA12000F045
:107B6000E9FAC82000F0E6FADA2000F0E3FA122081
:107B700000F0E0FA812000F0DDFACF2000F0DAFA20
:107B8000D92000F0D7FAF12000F0D4FADB2000F081
:107B9000D1FA302000F0CEFAA42000F0CBFAA620D3
:107BA00000F0C8FA8D2000F0C5FA142000F0C2FAE7
:107BB000AF2000F0BFFAA102B048F8F760FD00F076
:107BC00037FA10BD90120A4090320A4090002020EF
:107BD000F0B58FB007920CAA0BC2002B28D00E98DC
:107BE0000D9C001907990C9A8A18234603E0641C1F
:107BF00023B298421CDD07990029F8D007252540BB
:107C00000126AE40F543DB08DB019C49CE180C9FF2
:107C10003B4603E07F1C3BB29A42E8DDA1B23F291C
:107C2000F8D8B9B27F29F5D8F15C2940F154F1E7D1
:107C3000149802900D9D290B08221140680F2818F6
:107C4000072304469C432B1BC9188BB20A93511A75
:107C500089B20991894A0C9951180091FC21079A1F
:107C600011400891032111400491C010E9134018FC
:107C700001900E98401E410F4018C0100390002044
:107C80000590069009E00698401C0690C1B2039842
:107C900005918842079A00DAEDE0002AF3D00199B5
:107CA00005980E18771C079A042A0D9660D20021B9
:107CB00004980028E7D00798059A42430298801854
:107CC0000C9A8A187F2A15D8072E08D8435C0A9C7C
:107CD000A340F401694D2C19A55C1D43A554072F41
:107CE00008D8435C099CE340FC01644D2C19A55C59
:107CF0001D43A554049A012AC5D04D1C0C9AAA18FC
:107D00007F2A16D8072E09D8435D0A9CA340F401A8
:107D10005A4E3419A65C1E43A6540D9E072F08D850
:107D2000435D099CE340FC01544D2C19A55C1D43A7
:107D3000A554049A022AA6D08A1C0C9951187F29AE
:107D4000A1D8072E08D8835C0A9CA340F401F84D03
:107D50002C19655C1D436554072F94D8805C099AE3
:107D6000D040FA01F24B9A18535C034353548AE70C
:107D70000698C0B209185043029A10180E90C80114
:107D80000099081800210B9703E0091D089A8A4200
:107D90008ED00C9B5D187F2D17D8072E08D8475C16
:107DA0000E9A565C0A9B9E403E430B9F46540D9E86
:107DB000072F0AD80E9A565C099BDE40471880248C
:107DC0003B5D33430D9E3B550B9F6B1C7F2B19D89E
:107DD000072E09D80E9A53185B780A9CA3404418C2
:107DE00066781E4366700D9E072F0BD843188124BA
:107DF0001E5D0E9A57187F78099AD74037430D9E1B
:107E00001F550B9FAB1C7F2B19D8072E09D80E9A34
:107E100053189B780A9CA3404418A6781E43A6706A
:107E20000D9E072F0BD8431882241E5D0E9A5718FB
:107E3000BF78099AD74037430D9E1F550B9FEB1C07
:107E40007F2BA2D8072E08D80E9A5318DB780A9CED
:107E5000A3404418E5781D43E570072F95D84318D3
:107E600083241D5D0E9A5618F678099AD6402E4343
:107E70001E550D9E89E70FB0F0BDC0469000202032
:107E8000F0B583B01C46029201900826082B02D060
:107E9000102C00D0264602980378002B34D02046C0
:107EA0000838F722104203D00846082903D203E01D
:107EB000C800082900D3084607B20020054610E094
:107EC0001901594A8918114A89180091082210236A
:107ED0003946FFF77DFE6D1CE8B202990B5C002B62
:107EE00012D070430199401800B2062C04D0102C17
:107EF000E6D0082CE4D0EEE7062253434B4959184C
:107F0000C03900910823E3E703B0F0BD00FEFFFF96
:107F1000F0B58BB0054608200590082B02D0102B39
:107F200000D0059310200490082B06D0102B04D00D
:107F3000981F44424441E0000490059800286ED008
:107F4000049800286BD018460838F724204203D044
:107F50000E46082903D203E0CE00082900D30E46BE
:107F6000107800285BD0102B59D80127394699404A
:107F700003932C4C2142039951D033B20293049BBA
:107F8000DE08059B5E430FE007A8009028B2029927
:107F9000059C2246049BFFF71BFE2D190698421CE8
:107FA0004078002803993AD00692102901D0082978
:107FB00007D12038C0B200011B490818002E08D193
:107FC000E2E72038C0B20621414318484018002E8D
:107FD000DAD000221146835CDB4307ACA3540A4687
:107FE0003A43D2B29642CFD9835CDB4307ACA35469
:107FF00002220A43D2B29642C6D9835CDB4307AC65
:10800000A35403220A43D2B29642BDD9835CDB4318
:1080100007ACA354091DCAB29642DCD8B4E70BB032
:10802000F0BDC04640010100CEAF000094AD00009D
:10803000F0B581B0B02000F07DF81025284600F0A2
:1080400079F80026304600F075F839488024074654
:10805000214600F0A1F8B12000F06CF8284600F0AD
:1080600069F8304600F066F838468030214600F066
:1080700093F8B22000F05EF8284600F05BF8304636
:1080800000F058F80127380229490818214600F065
:1080900083F8B32000F04EF8284600F04BF8304645
:1080A00000F048F803200090C0012149081821463B
:1080B00000F072F8B42000F03DF8284600F03AF8DD
:1080C000304600F037F87802194F3818214600F092
:1080D00063F8B52000F02EF8284600F02BF8304663
:1080E00000F028F80520C0013818214600F054F8A7
:1080F000B62000F01FF8284600F01CF8304600F0CB
:1081000019F8009800023818214600F045F8B72009
:1081100000F010F8284600F00DF8304600F00AF89C
:108120000720C0013818214600F036F801B0F0BD34
:1081300090002020F0B581B000900124E60336487D
:1081400006602046F9F761FA6504344F3D60204629
:10815000F9F75BFA304806612046F9F756FA3D61B7
:108160002046F9F752FA7820FFF728FC0020FFF7A5
:1081700025FC0098FFF722FC274F3E612046F9F7C7
:1081800044FA264805602046F9F73FFA3E6020464B
:10819000F9F73BFA01B0F0BDF0B583B00C460546E7
:1081A0000126F00302901C4908603046F9F72DFAC9
:1081B00077041A4807603046F9F727FA16490298FB
:1081C00008613046F9F721FA01971448076107461C
:1081D0003046F9F71AFA7820FFF7F0FB4020FFF756
:1081E000EDFB002C06D02878FFF7E8FB641E6D1C21
:1081F000002CF8D1084D029E2E6101242046F9F78B
:1082000004FA019838602046F9F7FFF92E602046FD
:10821000F9F7FBF903B0F0BD90320A4090120A4022
:1082200070B5002806D0059C049D00264EC006604F
:108230004560846070BD002802D00021C1600161EA
:108240007047F0B581B00026002846D01D460F4685
:10825000044600920021184602F042FB00283CD15F
:108260003846009902F078FC0646206900902661A5
:108270003046294602F018FCE16802F051FB07463F
:10828000E0603046009902F067FC2946F8F730FBC1
:1082900005466168384602F007FC0746206831460B
:1082A00002F002FC394602F03BFB0646A068294674
:1082B00002F0FAFB314602F033FB0746A569294676
:1082C00002F003FB002800D13D466669384631467E
:1082D00002F013FB002800D12E46304601B0F0BD5D
:1082E0000D48822101600D49416081218164C16294
:1082F00001638165C1660A49016201614161816171
:10830000012040040749086008632720C00306498C
:10831000086008637047C0465480424082000400F1
:1083200081000E00A0120A40A0320A400D48002130
:1083300001600320C1430C48021F13680B40136007
:108340004168012291434160110242688A434260C0
:10835000016830229143016001680F22914301605E
:108360007047C04608030B4004010B4010B5124C87
:1083700012492046F9F740F911492046F9F718F952
:108380000320C1030F4802688A43026001694C4A16
:108390000A4011320261416917220A4328218A43A7
:1083A000426141680122114043689343591841607A
:1083B00001681143016010BD00801040FCB6000050
:1083C000FEB600000091104080B500F007F8FFF7FE
:1083D00087FFFFF7ABFFFFF7C9FF80BD80B50748F8
:1083E00031494160064A5160064B59602F4901608E
:1083F000116019601020F9F737F880BD00080A40B5
:1084000000280A400088104070B501252802A54EBA
:10841000002131521F4A11701F4A1170301801712A
:1084200041801E4802242146FBF710F91C482146D2
:10843000FBF700F91B481C4941601C4901601020F2
:10844000F9F712F81A4C1B492046F9F7D5F81A49E2
:108450002046F9F7ADF84120800035540320C103D0
:10846000164802688A4302600169154A0A40D03200
:108470000261416915220A432A218A434261416807
:1084800029404268AA4351184160016829430160AC
:1084900070BDC046900420209104202014B7000035
:1084A00008B7000000085040030000B1010000269A
:1084B00000005040BEB50000C0B5000000115040A3
:1084C0000000FFFFF0B585B00446002817D42ED178
:1084D000412081007348415C00290ED0012109022E
:1084E000425A531C9CB2FF2C00D900239CB2812518
:1084F0006D00455BAC4200D099E005B0F0BD412075
:1085000081006848415C002910D001210902425ACB
:10851000531C9DB2FF2D00D900239DB28126760009
:10852000865BB54202D02D258554435264420A250C
:108530002046294602F0B8F84543611B30263143F6
:1085400002AA11700A2C6CD30A21F8F7D1F8314332
:1085500002A84170642C66D36421204602F0A4F87E
:108560000A21F8F7C5F8314302A88170E0087D2898
:108570005BD37D20C100204602F096F80A21F8F76F
:10858000B7F8314302A8C1704748844254D34649E2
:10859000204602F089F80A21F8F7AAF8314302A828
:1085A00001714248844249D34049204602F07CF898
:1085B0000A21F8F79DF8314302A841713C488442F2
:1085C0003ED33B49204602F06FF80A21F8F790F8B5
:1085D000314302A881713748844233D3354920465C
:1085E00002F062F80A21F8F783F8314302A8C1715A
:1085F0003148844228D33049204602F055F80A25F4
:108600002946F8F775F8314302A801722B488442D5
:108610001CD32A49204602F047F8304302A9487289
:1086200015E0012513E0022511E003250FE03024B9
:108630008454435205B0F0BD042508E0052506E04A
:10864000062504E0072502E0082500E00925412071
:108650008000FD4900900C5C6A1CFB4B04E0002488
:10866000521E012A00D848E702A9002CF7D00125A4
:108670002D02F548465B771CB8B2FF28019100D95E
:108680000027B8B281214900595A8842E8D00198A0
:108690008018801E0078EC4988554F5300980C5C78
:1086A000DEE7C0467C07202010270000A0860100DE
:1086B00040420F008096980000E1F50500CA9A3B01
:1086C00083B0F0B58AB00FAC0EC40FA90691002894
:1086D00000D1B3E1FA4C01E00646401C017825299F
:1086E0001CD0002900D1A9E141229200A25C002AFD
:1086F000F2D001221202A35A5D1CACB2FF2C00D9A9
:108700000025ACB281267600ED4FBE5BB44201D0AD
:10871000F954BD5206463C46701CDFE7461C4078C3
:108720000146583920292BD87944097949008F44CA
:10873000102D2D2D2D2D2D2D2D2D2D461F2D2D2D7B
:108740002D2D2D2D2D2D2D2D2D2D2D622D1F2D2D32
:1087500010000698011D069100680028039600D1BC
:1087600083E00F2101400A2900D2ACE03731ABE0B1
:108770000698011D06910068FFF7A4FE701CADE786
:10878000252800D187E0002800D157E141218B0046
:10879000E15C0029C0D00396012109020591665AC7
:1087A000721C94B2FF2C00D9002294B281256D0076
:1087B000C3494F5BBC4200D092E0324697E0069836
:1087C000011D069141218900615C002900D1A3E7C8
:1087D00001210902625A531C9DB23746FF2D00D970
:1087E00000239DB281267600A65BB54200D09DE0B5
:1087F0003E46781C72E70698011D06910268002A21
:1088000000D189E71578002D00D185E703968121F5
:1088100048000290205A0590012108020190275A31
:108820000023049306E032465B1C98B2355C002DB1
:1088300000D190E016467A1C91B2FF29049900D825
:1088400011468AB2059880B2824200D180E0412070
:108850008000205C0028E6D0B8B22554019821524F
:108860000298205A05900F46DDE741208000205CE9
:1088700000280DD001200002215A4A1C93B2FF2B80
:1088800000D9002293B281256D00655BAB4253D1C4
:10889000039E701C22E741208000205C002800D14C
:1088A0003AE701200002215A4A1C93B2FF2B00D95B
:1088B000002293B281246400814D2C5BA34241D1FC
:1088C0002C46701C0AE7303107AA1170102805D316
:1088D0000106090F0A291CD337311BE0012185E06D
:1088E00025248C55059C0A53CB5C002B43D0531C8C
:1088F0009CB2FF2C00D900239CB2714E755BAC4238
:1089000003D092B2B054059833523446039E701C83
:10891000E4E6303107AA5170010A05D00105090FBC
:108920000A291BD337311AE002215FE00068A05406
:1089300063523E46781CD1E6302363542252039E94
:10894000701CCBE625236B542A522C46701CC5E6BE
:10895000039E701CC2E6039E701CBFE6303107AA5E
:108960009170010B05D00104090F0A2907D3373193
:1089700006E003213AE0524C039E701CAEE6303113
:1089800007AAD170010C05D00103090F0A2903D3EE
:10899000373102E0042129E0303107AA1171010DBD
:1089A00005D00102090F0A2903D3373102E005215E
:1089B0001CE0303107AA5171010E05D00101090FE9
:1089C0000A2903D3373102E006210FE0303107AA2C
:1089D0009171010F04D0400F052803D3373102E015
:1089E000072103E0303107A8C17108214120800030
:1089F0000490235C491C04E00023491E012900D88F
:108A000046E707AA002BF7D001252D02665B771CED
:108A1000BCB2FF2C059200D90027BCB281204000D7
:108A2000274A105A84421446E7D005984018801E01
:108A30000078A05567530498235CDEE70AB0F0BCC9
:108A400001BC03B00047C0467C07202070B5412020
:108A500080001B49085C002831D0812042008B5ADD
:108A600018480468240612D4012424020C5B05E093
:108A70004D5D8B52856105682D0608D49DB2AC42D0
:108A800005D05B1C9EB2FF2EF2D90023F0E70168EF
:108A9000490714D4C169026852070BD4C16902683E
:108AA000520707D4C1690268520703D4C16902683A
:108AB0005207EFD50448012202700448017070BDCE
:108AC0007C07202008115040910420209004202091
:108AD00080B5F8F717FBF8F79DFC80BD80B5F8F777
:108AE000DDFB6249002088724872087292498870E2
:108AF0000870C87008714871887105490880054977
:108B0000087005490870054908600549088080BD5E
:108B10009E0A20209C0A2020F00420207806202095
:108B20007C062020F0B50146002000290BD04F4ADA
:108B3000947A072C07D8804B1D790120002D03D093
:108B40001D788D4200D1F0BD002C05D0167A955DC0
:108B50008D42F8D0012C0BD1547A1155917A491CD1
:108B60009172D970517A491C07230B405372F0BDA2
:108B7000771C07252F40D75D8F42E4D0022CEBD025
:108B8000B71C2F40D75D8F42DDD0032CE4D0F71CFB
:108B90002F40D75D8F42D6D0042CDDD02E40042745
:108BA0007740D65D8E42CED0052CD5D07E1C2E408F
:108BB000965D8E42C7D0062CCED0BC1C2C40145DD6
:108BC0008C42C0D0C8E7C046401EC0B20E2803D8B1
:108BD000800003A10858704700487047ECD9000096
:108BE000DCD90000E2D900002CDA0000E8D900004E
:108BF000AED90000B5D900001DDA000024DA00006B
:108C000006DA00000EDA0000CED90000D5D9000047
:108C1000BED90000C6D9000016DA0000401EC0B25E
:108C2000022803D8800003A1085870470048704705
:108C3000ECD90000F6D90000FED90000F1D90000FF
:108C400080B5002803D03C490722F7F7B0FC80BD6F
:108C500006480021817241720172374801704170EB
:108C60008170C17001714171817170479806202037
:108C7000F0B5C9B0054600212D480491405E03902F
:108C800005A8F8F7CDFC2B4E002D04D0DF27002DD2
:108C900005D1E12405E03746E337002DF9D034460D
:108CA000E1346920810008461E30002D024600D0C4
:108CB0003246002D00D0064627AD1F4B987801287C
:108CC0001CD11C46F8F700FD27A8F8F7A9FC1B48A3
:108CD000049901701A483C990160192041010398D8
:108CE000F8F7F8FA0120A0710220A0700520607149
:108CF000F8F7ECF91349086049B0F0BD9879401EC7
:108D0000082800D907E2019202910D4909681A9AD0
:108D1000521A4000784480884000874415002001A2
:108D20007300A70042005C019A01E300C901C0463C
:108D3000140020203EFEFFFF580A2020F0042020CF
:108D400078062020800620201D4628211446104643
:108D500001F0CCFCC1178843142800D31420401D17
:108D60006871FD48049E805F19214901081AC117E6
:108D70008843A04200DDD0E127AC2046F9F72EF869
:108D8000F6480670F6480670F64807806088C019F5
:108D9000F549088000B2F8F7D7FA0220A87116202A
:108DA00061E01F460C2528460392504319214C01CF
:108DB000214601F09BFCC11788430C2800D32846AC
:108DC00038303D467871E448049FC05F201AC117CF
:108DD00088430399884200DD9FE127AC2046F8F7DD
:108DE000FDFFDE480770DE480770DE4806806088B9
:108DF0008019DD49088000B2F8F7A6FA0620A871AC
:108E0000462030E01E460C252846174650431921BF
:108E10004C01214601F06AFCC11788430C2800D39D
:108E200028462021014335467171CB48049E805F5E
:108E3000201AC1178843B84200DD6EE127AC2046F6
:108E4000F8F7CCFFC5480670C5480670C5480199BB
:108E5000018060884018C449088000B2F8F774FAAD
:108E60000420A8712E20687149B0F0BD34201C4642
:108E7000587127AE3046F8F7B1FFF848049FC55F38
:108E80007088281A01B2C91302464A40511A0AB220
:108E900027990BB2DB135940C91A0BB2192A00DD0E
:108EA0003DE102998B4200DD39E1ED490A78FF2A64
:108EB00001D0521C0A70EB490F70EB490880049EE8
:108EC000E44F27A8F8F7ACFBE34806703C983860FD
:108ED0001920410103982A46F8F712FA0520A071DB
:108EE0003820B3E05C201C46587127AE3046F8F7B6
:108EF00075FFDA48049FC55F7088281A01B2C9134C
:108F000002464A40511A0AB227990BB2DB13594064
:108F1000C91A0BB2192A00DD28E102998B4200DD43
:108F200024E1CF490A78FF2A01D0521C0A70CD49AA
:108F30000F70CD490880049EC64F27A8F8F770FB34
:108F4000C54806703C983860192041016431039887
:108F50002A46F8F7D5F90920A0715E2076E01C209A
:108F60001C46587127AE3046F8F738FFF648049F84
:108F7000C55F7088281A01B2C91302464A40511AC7
:108F80000AB227990BB2DB135940C91A0BB2192A3E
:108F900000DD08E102998B4200DD04E1EB490A782B
:108FA000FF2A01D0521C0A70E9490F70E949088074
:108FB000049EA84F27A8F8F733FBA74806703C98F3
:108FC00038601920410103982A46F8F799F90320DF
:108FD000A07120203AE04C201C46587127AE304644
:108FE000F8F7FCFED848049FC55F7088281A01B2C4
:108FF000C91302464A40511A0AB227990BB2DB1331
:109000005940C91A0BB2192A00DDE9E002998B42D6
:1090100000DDE5E0CD490A78FF2A01D0521C0A7034
:10902000CB490F70CB490880049E8A4F27A8F8F7D8
:10903000F7FA894806703C98386019204101039876
:109040002A46F8F75DF90720A0715020607149B0F9
:10905000F0BD1E4664211546104601F047FBC117BE
:109060008843082800D308205021014371717F48AC
:10907000049FC05F19214901081AC1178843A842FB
:109080004BDC27AD2846F8F7A9FEB0480770B0487A
:109090000770B048048068880019AB49088000B2A6
:1090A000F8F752F90820B0715920707149B0F0BD3D
:1090B0001C4696211646104601F018FBC11788433E
:1090C000062800D306205E30607127A8F8F7A8FABA
:1090D000E1208000801B01B2C9134840401A00B251
:1090E0001C28049A00DD9EE04835A85E0221695ED6
:1090F0000818C10F4018401001B2C9134840401A67
:1091000000B23C2800DD8EE053490878FF2800D0EB
:109110008DE0049991E00498587149B0F0BD8B49F5
:109120000F708C49192A79DC282B77DC0A88821A7F
:1091300013B2DB135A40D21A12B2012A6EDC844BEE
:109140001A78FF2A00D1B8E60880501C1870072A48
:10915000049E404FE1D3B4E61C0020209C0A20204E
:109160009D0A20207C0A20209E0A202077490F702B
:109170007849192A52DC282B50DC0A88821A13B24B
:10918000DB135A40D21A12B2012A47DC704B1A780C
:10919000FF2A00D1CDE60880501C1870072A049ED3
:1091A0002C4FBAD3C9E669490F706A49192A35DCD0
:1091B000282B33DC0A88821A13B2DB135A40D21AE6
:1091C00012B2012A2ADC624B1A78FF2A00D1EDE69E
:1091D0000880501C1870072A049E1E4F9DD3E9E694
:1091E0005A490F705B49192A18DC282B16DC0A88AB
:1091F000821A13B2DB135A40D21A12B2012A0DDCC2
:10920000534B1A78FF2A00D10CE70880501C1870C5
:10921000072A049E0F4F00D308E77EE708804C48DA
:10922000077049B0F0BD0C48027049B0F0BD421C57
:109230000A700428049900D26FE7A171642060715C
:1092400021710320A070207860702170F8F726F853
:1092500049B0F0BD78062020F00420209E0A20208E
:109260009C0A20209D0A20207C0A20201C0020200F
:1092700070B5A6B0044601A8F8F7D2F9314EB0781F
:1092800001281DD123AD2846F8F7A8FD2F4800215D
:1092900001702F4801702F480480688800192A49FE
:1092A000088000B2F8F750F80120B07114207071F6
:1092B0000220B070F7F70AFF2749086026B070BD9A
:1092C00001A8C088204D2988081A01B2C913484056
:1092D000401A00B21F2801DB282000E050207071E6
:1092E00023AC2046F8F77AFD60882988081A01B275
:1092F000C9134840401A00B21E281DDC239801B251
:10930000C9134840401A00B2192815DC0F490878E3
:10931000FF2803D0421C0A7007280BD30020B0712D
:109320006421717130710321B170317871703070C6
:10933000F7F7B4FF26B070BD04480021017026B0D5
:1093400070BDC046580A20209E0A20209C0A20207A
:109350009D0A20207C0A202080062020F0B5CBB07A
:1093600029AF29AA29AB29ADCF4E3079002830D1B9
:10937000CE48817A002900D197E334460026A671B1
:10938000667106950597174601222271A270491E43
:10939000E170027A1D46835C81722370511C0722A2
:1093A0000A400272F7F792FE2B463A46059F069D49
:1093B000BF490860BF480680BF480670BF480670B6
:1093C000BF480670BF480660BF480680BF48068099
:1093D00026463078411E0E2900D96EE0794409797D
:1093E00049008F44078A5D742796CD88E845D21CD2
:1093F00042C81200B078012800D0F1E1B420F7F79C
:1094000057FF0120B0711420C8E0B078012800D0C7
:10941000F4E0F7F743FF0120B0713C20BEE0B078E4
:10942000012800D0C3E0AA48503005218901F7F790
:1094300017FFB0E007A8F8F7F3F8B078012800D0DC
:10944000E0E0F8F741F929A8F8F7EAF89C4800218C
:1094500001709C483E9901607D20C100B420F7F75F
:1094600039FF0120B0710A2098E0E120800083E0FC
:109470000027FA48C45F07A8F8F7D2F8B0780128A7
:1094800000D0F7E0F8F720F929A8F8F7C9F88C48D8
:1094900007708C483E9901607D20C100204661E044
:1094A000B078012800D082E0F8F70EF9DC20F7F759
:1094B000FFFE0120B071502070E00021B1716422E4
:1094C000727131710322B27031707070EDE200265A
:1094D000E848805F0690E848855FE848048807A868
:1094E000F8F79EF820B2C0134440201A002D00D592
:1094F00022E1014621E1002043E0B078012800D0BC
:1095000083E1E1208000F7F711FF0120B0711E20F8
:1095100044E001920025D648475FF848405F039039
:10952000F7480468F74800680590F7480068049019
:10953000F64800880690F6480078029007A8F8F7E9
:109540006FF8B078012800D079E1F8F7BDF829A8C4
:10955000F8F766F85A48002101705A483E990160B0
:1095600038462146F7F7B6FE0120B0710220B070F0
:109570000520707115E0EA48FFF77AFE4BB0F0BDA8
:109580000120FFF775FB4BB0F0BDB07801280ED17C
:109590007820F7F773FE0120B0713220707102203D
:1095A000B070F7F793FD424908604BB0F0BD502012
:1095B00070714BB0F0BD1D4637460026AC48845F45
:1095C00007A8F8F72DF8B878012800D088E1F8F757
:1095D0007BF829A8F8F724F83948002101703948A8
:1095E0003E990160CF4978312046F7F773FE01209C
:1095F000B8710220B87005207871D2E72C48006855
:10960000C82144E21C9C0A252046294601F06EF838
:109610000A2800DC28465F2800D35F20707129A843
:10962000F7F7FEFF0020E1218900091B64310AB22F
:10963000D2135140891A09B21C2900DDB6E148371E
:10964000395E0222BA5E5118CA0F891849100AB24F
:10965000D2135140891A09B23C2900DDA6E1184A0B
:109660001178FF2900D117E24B1C1370042900D395
:1096700012E21CE2B079401E082801D900F0D0FDAA
:10968000104909681C9A521A4000C04678448088E4
:10969000400087441F00EC04650496043804160556
:1096A0004005C2048105C046580A202098062020A3
:1096B000800620209E0A20209C0A20209D0A20202F
:1096C000F0042020780620207C0620207C0A202020
:1096D00070FEFFFF012A0DDB0C2420461546504387
:1096E0007D21C90000F0E0FF0C2800D32046401D7A
:1096F00070712A468C48C05F7D21C900081AC117C5
:109700008843904200DDD2E129AD2846F8F766FB98
:1097100086480770864807700520800151308549CA
:109720000880698808188449088000B2F7F70CFEA1
:109730000220B07114203BE741420AB27F4FB97852
:1097400001291FD11646F7F7BFFF29AC2046F7F7CE
:1097500067FF7B48002101707A483E9901607A4892
:109760002B990180E08880197349088002B206981D
:109770002946F7F7EBFC0120B8710A207871022026
:10978000B8700EE704B27048805F082307A90493FD
:10979000C95E0F1A002A00D57F420698F9178F4339
:1097A000E11BB529059200DA962063498A5F654975
:1097B000096806911C9903912946F7F7C7FC012C0B
:1097C00000DAF7E064207843214600F06DFF0A28B4
:1097D00000DC0A205F28059A00D2EDE05F20EBE074
:1097E000B079012800D043E1584C20687D21C900A0
:1097F000C839F7F78DFC002800D138E1A020F7F731
:109800001DFD0220B0713C2013E0B079012800D08A
:1098100036E14E4C20687D2189006431F7F778FCF1
:10982000002800D12BE1C820F7F742FD0220B071DB
:1098300046207071F7F74AFC20604BB0F0BDB0795C
:10984000401E062800D9D3E23E4909681C9A521AE4
:1098500003A14000085A40008744C046140020205D
:109860001200CD0242029A021F02EF021403C04608
:1098700014002020040020200200202000002020CE
:10988000012C16DB2D25284617465043214600F0B3
:109890002DFFC11788432D2800D32846401D707125
:1098A00000202149085E201AC1178843B84200DD14
:1098B000FDE029AC2046F8F791FA1C480021017020
:1098C0001B4801701B4806990180608840181A499E
:1098D000088000B2F7F738FD0320B0713C2067E63E
:1098E000B879401E052800D9D2E1164F39681C9A74
:1098F000531A08A14000085A400087441A0020204B
:10990000080020200C00202010002020160020201D
:1099100018002020290016015901DA008701D8001B
:109920007CFCFFFF240400001C0020209C0A202057
:109930009D0A20207C0A20209E0A2020580A2020F0
:10994000F0042020780620207C062020800620209D
:109950001C2420461D465843F44900F0C7FEC11799
:1099600088431C2800D32046401DF1494871F14826
:10997000854200DA9BE029AC2046F7F751FEEE481D
:10998000002101703E983860EC482B990180E088F6
:10999000EB494018EB490880EB496431B420F7F7F4
:1099A000C3FB0220E2498871232073E1E249087079
:1099B0004BB0F0BD5020059ADD494871DF48805F0B
:1099C00007A9049BC95E081A002A00D540420699DF
:1099D000039A511A0691C1178843201A01271428A7
:1099E000059700DC3746D948008801B2C9134840C2
:1099F000401A00B2F7F776F805462046F7F772F8F6
:109A0000D34901F051F80446D249284601F04CF8F8
:109A10000146204601F048F8CF49F6F769FF3F219B
:109A2000090600F07DFFF7F713F8044607206043AE
:109A30000A2100F05BFE06998842059800DC30465A
:109A40000743012FBA4A07D1032060432834A042BC
:109A500000DC204688422ADC00209071642151718C
:109A60001071032191701178517010701DE0B07960
:109A700002281CD1B9480068AE498C3107E0B079A2
:109A8000022814D1B54800687D21C9006439F7F770
:109A90003FFB00280BD00020B07164217171307140
:109AA0000321B170317871703070F7F7F7FB4BB06C
:109AB000F0BD082007A9085EA049895F0D1A012D95
:109AC0000FDB0693182738466843A54900F0ECFDE4
:109AD000182800D338464021014395484171A14FD1
:109AE000069BA14901208D42014600DB31469F4A79
:109AF000593A934200DB30460143012903D1BD208E
:109B000040018342D3DB29A8F7F78AFD8A48002168
:109B100001703E983860E120C1002046F7F7DAFB7B
:109B20000520834988715620B4E00693082007A9D0
:109B3000095E0020814A125E511A01297C4D0DDB1D
:109B40008AB28B4B53431A0C8B1A9BB25B089A1840
:109B50009209122A00D3122223326A71854B012204
:109B60009942114600DB01467D26F300B03B069D7D
:109B70009D422B4600DB02461143012902D17E485B
:109B8000834294DB00276F48C55F29A8F7F748FD9B
:109B9000694807703E9873490860B1001E3120463D
:109BA0002A46F7F7ADFB032061498871362071E042
:109BB0001C46D800714900F099FDC1178843082858
:109BC00000D3082036305A4948717D2080005A3829
:109BD000844200DA6BE729AC2046F7F721FD5648AE
:109BE000002101703E98386054482B990180E0882C
:109BF000634940185349088053496431B420F7F74A
:109C000093FA04204A498871402043E00E273846E1
:109C100006935843E121CC00214600F067FDC117AF
:109C200088430E2800D3384656304149487129A848
:109C3000F7F7F6FC0698201A01B2C9134840401AFB
:109C400000B21C2800DDEEE24835A85F0221695E03
:109C50000818C10F4018401001B2C9134840401AFB
:109C600000B23C2800DDDEE233490878FF2804D04A
:109C7000421C0A70042800D219E72D498E71642015
:109C800048710E7103208870087848700E700CE7D8
:109C90000020274948714BB0F0BD56203546707101
:109CA0002E4800682821F7F733FA002800D1FEE695
:109CB00029AC2046F8F792F832480021017032486A
:109CC0000170069A5042314908806088801A1D4907
:109CD000088000B2F7F738FB0620A87158206FE320
:109CE00040203546707129AC2046F8F777F80021FE
:109CF0001448465E6088301A02B2D21303465340BD
:109D00009A1A12B2299B1CB2E41363401B1B1BB2AC
:109D1000142A00DD8BE2039CA34200DD87E2194B8D
:109D20001A78FF2A00D02BE3FF222BE39C040000CB
:109D3000580A202024040000F00420207C06202063
:109D400036F7FFFF9E0A202070FEFFFF0200202052
:109D5000CDCCCC3DDA0F49400000344380062020B2
:109D60000A0F000078062020F60E0000DC05000037
:109D700025060000B6080000CE0D0000120200000B
:109D8000F6F0FFFF9C0A20209D0A20207C0A20205C
:109D9000059D012D16DB0E2420461746504329460B
:109DA00000F0A4FCC11788430E2800D3204642309F
:109DB00070710020F249085E281AC1178843B84222
:109DC00000DD74E629AC2046F8F708F8ED480021DC
:109DD0000170ED480170069A5042EC490880608895
:109DE000801AEB49088000B2F7F7AEFA0620C2E10C
:109DF0000020FFF7DDFB3A2035467071E54800682A
:109E00002821F7F785F9002800D150E629AC204633
:109E1000F7F7E4FFFB4800210170FB480170FB48A5
:109E20000699018060884018F949088000B2F7F768
:109E30008BFA0320A8713C20C2E25C20707129AC2F
:109E40002046F7F7CBFFF248415F60880691081A79
:109E500001B2C91302464A40511A09B2299A13B2F3
:109E6000DB135A40D21A12B2142900DDFCE1039B25
:109E70009A4200DDF8E1E34A1178FF2900D0A7E219
:109E8000FF21A7E21446049F012F0CDB0620069059
:109E90006043394600F02AFCC1178843062800D3E6
:109EA00006985E30707129A8F7F7BAFB381B01B22B
:109EB000C9134840401A00B21C2800DDF1E1019AA4
:109EC0004832505F0221515E0818C10F40184010FF
:109ED00001B2C9134840401A00B23C2800DDE0E15D
:109EE000CC490878FF2804D0421C0A70042800D20C
:109EF000DDE5B5716420707135710320B070307884
:109F000070703570D1E5012A0ADB4B2114461046EA
:109F100000F0CAFB142800D314203230707122469E
:109F2000B748C05FBC49081AC1178843904200DD9A
:109F3000BDE529AD2846F7F751FFB2480770B24892
:109F40000770B248B549018068884018B049088058
:109F500000B2F7F7F9F90620B0714820FFF728FBA7
:109F6000012A0DDB0C242046154650437D21C900F3
:109F700000F09AFB0C2800D320461C3070712A4652
:109F80009F48C05F7D21C900081AC11788439042CD
:109F900000DD8CE529AD2846F7F720FF99480770CA
:109FA0009948077099489D490180688840189849E8
:109FB000088000B2F7F7C8F90420B0712A20FFF733
:109FC000F7FA06942E203D463746707129AE30468A
:109FD000F7F704FF8E482C46455F7088281A01B2B7
:109FE000C91302464A40511A0AB229990BB2DB132F
:109FF0005940C91A0BB20526142A00DD55E1B101FA
:10A000008B4200DD51E17F4A1178FF2900D006E242
:10A010007E4908807C48047052E206945C203446F5
:10A02000707129AE3046F7F7D9FE7948C55F708860
:10A03000281A01B2C91302464A40511A0AB2299994
:10A040000BB2DB135940C91A0BB2142A00DD46E1EA
:10A05000052189018B4200DD41E16A4A1178FF291F
:10A0600000D0E6E1694908806748077041E206943C
:10A0700018203446707129AE3046F7F7AFFE6448B9
:10A08000C55F7088281A01B2C91302464A40511AA6
:10A090000AB229990BB2DB135940C91A0BB2142A20
:10A0A00000DD33E1052189018B4200DD2EE1554AB7
:10A0B0001178FF2900D0C6E1544908805248077042
:10A0C00030E206944C203446707129AE3046F7F7E2
:10A0D00085FE4F48C55F7088281A01B2C913024631
:10A0E0004A40511A0AB229990BB2DB135940C91AD6
:10A0F0000BB2142A00DD20E1052189018B4200DD2D
:10A100001BE1404A1178FF2900D0A6E13F490880B1
:10A110003D4807701FE2012A0EDB06242046154643
:10A1200050437D21890000F0BFFA062800D3204665
:10A130005021014371712A463148C05F7D21890059
:10A14000081AC1178843904200DDB0E429AD2846C3
:10A15000F7F744FE2B4807702B4807700520800155
:10A1600050302A490880698808182949088000B2B7
:10A17000F7F7EAF80820B0715820FFF719FAC0463F
:10A180001C0020209C0A20209D0A20207C0A2020E0
:10A190009E0A202080062020012A0ADB6421144622
:10A1A000104600F081FA052800D305205F30707159
:10A1B000224629A81446F7F733FA05208001001B30
:10A1C000B43001B2C9134840401A00B21C2800DD67
:10A1D000CDE04835E85F0221695E0818C10F4018DC
:10A1E000401001B2C9134840401A00B23C2800DDBB
:10A1F000BDE0E7490878FF2800D038E139463DE165
:10A200001C0020209C0A20209D0A20207C0A20205F
:10A210009E0A2020F0042020DC05000070FEFFFFD5
:10A2200077714BB0F0BDDA4806704BB0F0BDD64C3C
:10A2300000212170192A00DD9DE0282B00DD9AE025
:10A24000D54A1388C31A1CB2E41363401B1B1BB20C
:10A25000012B00DD8FE0CD4B1978FF293C4600D063
:10A2600017E11080059F9AE0C74B00251D70192942
:10A2700000DDA8E0282A00DDA5E0C7490A88821A87
:10A2800013B2DB135A40D21A12B2012A00DD9AE04F
:10A29000BE4B1A78FF2A3C4600D002E10880049F9A
:10A2A000A5E0BB4805704BB0F0BDB7490C70BA498A
:10A2B000192A00DDAEE0282B00DDABE00A88821A07
:10A2C00013B2DB135A40D21A12B2012A00DDA1E008
:10A2D000AE4B1A78FF2A00D0EBE00880F0E0AA49E4
:10A2E0000F70AD49192A3FDC282B3DDC0A88821A01
:10A2F00013B2DB135A40D21A12B2012A34DCA34B38
:10A300001A78FF2A00D0EDE00880F2E09E490F7035
:10A31000A149192A28DC282B26DC0A88821A13B2C4
:10A32000DB135A40D21A12B2012A1DDC974B1A785D
:10A33000FF2A00D0EFE00880F4E093490F709649BF
:10A34000192A11DC282B0FDC0A88821A13B2DB13BE
:10A350005A40D21A12B2012A06DC8C4B1A78FF2A14
:10A3600000D0F1E00880F6E00880884800E08848E6
:10A3700007704BB0F0BD854A11700A463C4604E0B8
:10A38000521C1A703C46814B1970059F824B1880F5
:10A39000002904D10298824201D2FFF788FB29A844
:10A3A000F7F73EF97A48002101703E987949086034
:10A3B000204639463246F6F7A3FF0420A871422012
:10A3C00068714BB0F0BD71490D7029463C4604E000
:10A3D000491C11703C466D4A1570049F6E4A1080EE
:10A3E000002D04D10298814201D2FFF760FB29A819
:10A3F000F7F716F96648002101703E986549086034
:10A4000020463946069AF6F77BFF0720B0715E209A
:10A41000FFF7CEF808805D4804704BB0F0BD5B4B91
:10A420001C705D4B1880481C1070002948D1FFF744
:10A430003EFB564B1F70584B1880481C107000296B
:10A4400057D1FFF734FB514B1F70534B1880481CFA
:10A450001070002966D1FFF72AFB4C4B1F704E4B42
:10A460001880481C1070002975D1FFF720FB421C92
:10A470000A700428394601D2FFF719FBB171642034
:10A48000707131710320B070307870703170FFF7E7
:10A490000CFB4A1C1A7000220629059F6FD8114632
:10A4A00074E7511C19700021062A049F69D80D46D3
:10A4B00094E70880501C1870062A01D8FFF7F7FAB5
:10A4C00029A8F7F7ADF8324804703E983149086082
:10A4D000324906982A46F6F713FFBE71322078718A
:10A4E0004BB0F0BD0880501C1870062A01D8FFF749
:10A4F000DEFA29A8F7F794F8254807703E98254911
:10A5000008607D20810006982A46F6F7F9FE0920AA
:10A51000A0715F2030E00880501C1870062A01D816
:10A52000FFF7C5FA29A8F7F77BF8194807703E9896
:10A53000184908607D20C10006982A46F6F7E0FE1B
:10A540000320A0711C2017E00880501C1870062AF8
:10A5500001D8FFF7ACFA29A8F7F762F80C480770A2
:10A560003E980C4908607D20810006982A46F6F73F
:10A57000C7FE0720A071502060714BB0F0BD0121D3
:10A5800004E701252AE7C0469C0A20209D0A2020D6
:10A59000F0042020780620207C0A2020DC05000022
:10A5A00080B51220FBF720FB80BD80B50420FBF7AF
:10A5B0001BFB80BD80B51120FBF716FB80BD0000A2
:10A5C00080B53748FBF795FD80BDC04680B50520B6
:10A5D000FBF70AFB80BD80B50B20FBF705FB80BDB8
:10A5E00080B50C20FBF700FB80BD80B50720FBF792
:10A5F000FBFA80BD80B50820FBF7F6FA80BD80B578
:10A600000920FBF7F1FA80BD80B50A20FBF7ECFAD0
:10A6100080BD80B50620FBF7E7FA80BD80B501203C
:10A62000FBF7E2FA80BD80B50220FBF7DDFA80BDC2
:10A6300080B51020FBF7D8FA80BD80B50F20FBF75E
:10A64000D3FA80BD80B50320FBF7CEFA80BD80B57C
:10A650000D20FBF7C9FA80BD80B50E20FBF7C4FAC8
:10A6600080BD0000FDF7B0FEF6F734FDF6F7DEFC26
:10A67000FDF74EFAFBF70CF9094C0A492046FBF7A7
:10A6800019FC02E0FBF7E8FA30BFF6F71BFDFBF719
:10A69000A7FA0028F6D12046FBF706FD30BFF4E705
:10A6A00094042020A00A202043088B421AD30022C1
:10A6B00003098B4279D3030A8B425ED3030B8B428F
:10A6C00042D3030C8B4227D30902FF2212BA030C98
:10A6D0008B4202D31212090203D0030B8B4233D3F5
:10A6E0001AE0D3E0411A8041401C704703460B43F7
:10A6F00071D443088B42F5D3002203098B4254D313
:10A70000030A8B4239D3030B8B421DD3030C8B42BC
:10A7100002D394466EE0090AC30B8B4201D3CB03EC
:10A72000C01A5241830B8B4201D38B03C01A524192
:10A73000430B8B4201D34B03C01A5241030B8B4294
:10A7400001D30B03C01A5241C30A8B4201D3CB027F
:10A75000C01A5241830A8B4201D38B02C01A524164
:10A76000430A8B4201D34B02C01A5241030A8B4267
:10A7700001D30B02C01A5241CDD2C3098B4201D37F
:10A78000CB01C01A524183098B4201D38B01C01AFD
:10A79000524143098B4201D34B01C01A5241030974
:10A7A0008B4201D30B01C01A5241C3088B4201D323
:10A7B000CB00C01A524183088B4201D38B00C01AD0
:10A7C000524143088B4201D34B00C01A5241411AF7
:10A7D000524110007047CA0F00D04942031000D305
:10A7E0004042534000229C4603098B422DD3030A6A
:10A7F0008B4212D38901FC2212BA030A8B420CD37A
:10A80000890192118B4208D3890192118B4204D3A2
:10A81000890137D0921100E08909C3098B4201D325
:10A82000CB01C01A524183098B4201D38B01C01A5C
:10A83000524143098B4201D34B01C01A52410309D3
:10A840008B4201D30B01C01A5241C3088B4201D382
:10A85000CB00C01A524183088B4201D38B00C01A2F
:10A860005241D9D243088B4201D34B00C01A524106
:10A87000411A00D201465241104663465B1000D394
:10A880004042704763465B1000D3404201B500214F
:10A89000004201D0C9430846C046C04602BD10B5BB
:10A8A00000F084F8EFF30080400001D5012010BDD6
:10A8B000002010BD10B500F0A3F8EFF30080800079
:10A8C00001D5012010BD002010BD10B500F098F892
:10A8D000EFF300804000800F012800D0002010BD61
:10A8E00010B500F0B7F8EFF300804000800F0128AA
:10A8F00001D0012010BD002010BD10B500F0AAF855
:10A90000EFF30080800001D4012010BD002010BDB5
:10A9100030380A2801D2012070470020704700001B
:10A9200070B50125ED0704004C4020D4441A01D233
:10A93000001B0919C60D4B00F2B2FF2A29D01B0ECD
:10A940002CD000020C0228432C43D31ADC400519FA
:10A9500010D2280A02D3401C6D0611D0761EF605CF
:10A960008019FF2A00DA70BDC00DC00570BD6940B6
:10A9700000F0F8F801200543C541521C761CE8E7B9
:10A9800064089C40C90161408900E7D10124A043CB
:10A99000E4E71B0E440200D0034870BD002AFCD13E
:10A9A000C00FC00770BD00BF0000C07F0123DB05E2
:10A9B00002000A430DD4DA4203D49A4207D48842F3
:10A9C0007047D84214D4D94212D48842704780428A
:10A9D0007047DA4203D59A42F9D5814270475B004D
:10A9E0004200DA4204D24A00DA4201D28142704780
:10A9F00010B5024AF6F726F910BD00BF090012048F
:10AA00000123DB0502000A430DD4DA4203D49A4243
:10AA100007D488427047D84214D4D94212D488420D
:10AA2000704780427047DA4203D59A42F9D5814295
:10AA300070475B004200DA4204D24A00DA4201D297
:10AA40008142704710B5024AF6F7FCF810BD00BF0E
:10AA5000090013040123DB0502000A430DD4DA4286
:10AA600003D49A4207D488427047D84214D4D942BA
:10AA700012D48842704780427047DA4203D59A4226
:10AA8000F9D5814270475B004200DA4204D24A00A5
:10AA9000DA4201D28142704710B5024AF6F7D2F885
:10AAA00010BD00BF0900160470B5420064414B00A0
:10AAB0005C41120E39D01B0E38D0FF2A3CD0FF2B40
:10AAC0003AD0D2187F3A40024902400A490A451852
:10AAD000ED0106004E43000A090A48430104731AB7
:10AAE0004019190C4318990F04D05B08012149073C
:10AAF0005B1A521CD80904D3401CF50301D19D06F2
:10AB000007D0FF2A08D2D50506D0E4072043401914
:10AB100070BD0125A843F4E7002A01DCE00770BD01
:10AB20002402FF202043C00570BD1B0EFF2A03D066
:10AB3000FF2B01D0E00770BDFF2636064500B54269
:10AB400006D84D00B54203D8D218FF2A00D0E7E757
:10AB5000004870BD0000C07F70B50125ED070400FE
:10AB60004C4022D4441A02D26C40001B0919C60D75
:10AB70004B00F2B2FF2A4BD01B0E50D000020C0249
:10AB8000A8432C43D31ADC40051B05D5AD0019D3CF
:10AB90006D08761E521E37D0F605280A01D280199C
:10ABA00070BD70416D0603D070BD6940FFF7BEFEF9
:10ABB0009C4009026140490001D0401E70BD012443
:10ABC000A04370BD6D081DD001202B0C01D12D04B8
:10ABD00010302B0E01D12D0208302B0F01D12D0189
:10ABE000001DAB0F01D1AD00801CEB0F01D16D003A
:10ABF000401C361A121A6D00680AF5054019012A20
:10AC000002DB70BD002070BDC036300AC00770BDC9
:10AC10001B0E440201D1FF2B00D1024870BD002A57
:10AC2000F0D070BD0000C07F30313233343536375C
:10AC30003839414243444546403058003031323380
:10AC40003435363738396162636465664030780080
:10AC500004000008000000000000000200010000E5
:10AC6000108182838485868788898B8C8D8E8F91D5
:10AC70009293959697999A9C9D9FA0A2A3A5A7A809
:10AC8000AAACAEB0B2B3B5B7B9BCBEC0C2C5C7C935
:10AC9000CCCED1D4D7D9DCDFE2E6E9ECF0F3F7FA99
:10ACA000FE0000006B656570207374696C6C0000B9
:10ACB00000000000000000000000000073747265D6
:10ACC000616D206F6E0000000000000000000000B9
:10ACD000000000007265616420657272000000006F
:10ACE00000000000000000000000000036423D307F
:10ACF0003000000000000000000000000000000024
:10AD00000000000034323D41390000000000000026
:10AD100000000000000000000000000037443D304B
:10AD200045000000000000000000000000000000DE
:10AD30000000000077616974207265616479000029
:10AD4000000000000000000000000000302F38313B
:10AD50003932000000000000000000000000000088
:10AD60000000000037433D303000000000000000CC
:10AD70000000000000000000000000006366672083
:10AD80006F66660000000000000000000000000088
:10AD9000000000000000000000000000002F000084
:10ADA00000000700070000147F147F1400242A7F8E
:10ADB0002A1200231308646200364955225000000D
:10ADC0000007000000001C224100000041221C007E
:10ADD0000014083E08140008083E0808000000A0FF
:10ADE00060000008080808080000606000000020FB
:10ADF00010080402003E5149453E0000427F4000D9
:10AE0000004261514946002141454B31001814125E
:10AE10007F10002745454539003C4A49493000012B
:10AE20007109050300364949493600064949291E7A
:10AE300000003636000000005636000000081422DC
:10AE400041000014141414140000412214080002DC
:10AE500001510906003E4955592E007C1211127C01
:10AE6000007F49494936003E41414122007F41412E
:10AE7000221C007F49494941007F09090901003E20
:10AE80004149497A007F0808087F0000417F41005E
:10AE9000002040413F01007F08142241007F4040D4
:10AEA0004040007F020C027F007F0408107F003EBC
:10AEB0004141413E007F09090906003E4151215EA2
:10AEC000007F091929460046494949310001017F9F
:10AED0000101003F4040403F001F2040201F003F35
:10AEE0004038403F006314081463000708700807E7
:10AEF00000615149454300007F41410000020408C0
:10AF00001020000041417F000004020102040040C3
:10AF10004040404000000102040000205454547896
:10AF2000007F4844443800384444442000384444B6
:10AF3000487F00385454541800087E090102001854
:10AF4000A4A4A47C007F080404780000447D400091
:10AF5000004080847D00007F102844000000417F75
:10AF60004000007C04180478007C08040478003851
:10AF70004444443800FC242424180018242418FCD9
:10AF8000007C0804040800485454542000043F4442
:10AF90004020003C4040207C001C2040201C003C05
:10AFA0004030403C004428102844001CA0A0A07C55
:10AFB000004464544C440000087F41000000007FBE
:10AFC00000000000417F080000080408100800008D
:10AFD0000000000000000000000000000000000071
:10AFE00000F80000000000000033300000000016F0
:10AFF0000E00160E0000000000000000000040C01F
:10B000007840C0784000043F04043F04040000700E
:10B0100088FC08300000001820FF211E0000F00806
:10B02000F000E018000000211C031E211E0000F0AB
:10B030000888700000001E21232419272110000019
:10B0400000160E00000000000000000000000000DC
:10B0500000E0180402000000000718204000000271
:10B060000418E000000000402018070000004040E5
:10B0700080F0804040000202010F01020200000047
:10B0800000F0000000000101011F010101000000AB
:10B0900000000000000000B0700000000000000090
:10B0A0000000000000000001010101010101000099
:10B0B0000000000000000030300000000000000030
:10B0C000000080601804006018060100000000E025
:10B0D00010080810E000000F102020100F000010D2
:10B0E00010F8000000000020203F20200000007029
:10B0F0000808088870000030282422213000003021
:10B100000888884830000018202020110E00000018
:10B11000C02010F8000000070424243F240000F899
:10B120000888880808000019212020110E0000E07E
:10B13000108888180000000F112020110E00003820
:10B140000808C83808000000003F00000000007038
:10B15000880808887000001C222121221C0000E0C1
:10B1600010080810E0000000312222110F0000003A
:10B1700000C0C000000000000030300000000000EF
:10B1800000C0C0000000000080B07000000000009F
:10B1900080402010080000010204081020004040F8
:10B1A000404040404000040404040404040000083B
:10B1B00010204080000000201008040201000070F0
:10B1C00048080808F0000000003036010000C030D8
:10B1D000C828E810E0000718272423140B000000FB
:10B1E000C038E0000000203C23020227382008F885
:10B1F000888888700000203F202020110E00C03079
:10B20000080808083800071820202010080008F84F
:10B2100008080810E000203F202020100F0008F848
:10B220008888E8081000203F20202320180008F814
:10B230008888E8081000203F200003000000C0308C
:10B2400008080838000007182020221E020008F80D
:10B2500008000008F808203F210101213F200008D4
:10B2600008F8080800000020203F2020000000000F
:10B270000808F8080800C08080807F00000008F8F7
:10B2800088C028180800203F20012638200008F830
:10B29000080000000000203F20202020300008F897
:10B2A000F800F8F80800203F003F003F200008F8B1
:10B2B00030C00008F808203F200007183F00E010C9
:10B2C00008080810E0000F10202020100F0008F8D8
:10B2D00008080808F000203F210101010000E010EB
:10B2E00008080810E0000F18242438504F0008F810
:10B2F000888888887000203F2000030C3020007070
:10B300008808080838000038202121221C0018086D
:10B3100008F8080818000000203F2000000008F886
:10B3200008000008F808001F202020201F000878CF
:10B33000880000C83808000007380E010000F8082F
:10B3400000F80008F800033C0700073C0300081859
:10B3500068808068180820302C03032C30200838BF
:10B36000C800C83808000000203F20000000100876
:10B370000808C838080020382621202018000000BE
:10B3800000FE020202000000007F40404000000C6E
:10B3900030C000000000000000010638C0000002BC
:10B3A0000202FE000000004040407F00000000203C
:10B3B0001008040810200000000000000000000039
:10B3C000000000000000808080808080808000027B
:10B3D0000408000000000000000000000000000061
:10B3E0008080808000000019242222223F2008F85B
:10B3F000008080000000003F112020110E0000009E
:10B40000008080800000000E11202020110000002C
:10B4100000808088F800000E112020103F200000DE
:10B42000808080800000001F2222222213000080E2
:10B4300080F0888888180020203F2020000000002D
:10B44000808080808000006B94949493600008F862
:10B45000008080800000203F210000203F200080ED
:10B460009898000000000020203F202000000000ED
:10B4700000809898000000C08080807F000008F85D
:10B48000000080808000203F24022D302000000832
:10B4900008F8000000000020203F202000008080ED
:10B4A000808080808000203F20003F20003F00807F
:10B4B00080008080000000203F2100203F2000000D
:10B4C000808080800000001F202020201F008080BE
:10B4D00000808000000080FFA12020110E000000ED
:10B4E000008080808000000E112020A0FF808080DE
:10B4F00080008080800020203F212000010000008B
:10B50000808080808000003324242424190000805F
:10B5100080E0808000000000001F2020000080806C
:10B52000000000808000001F202020103F2080802D
:10B5300080000080808000010E30080601008080BD
:10B540000080008080800F300C030C300F000080E2
:10B550008000808080000020312E0E31200080800D
:10B5600080000080808080818E701806010000803D
:10B570008080808080000021302C2221300000005B
:10B580000000807C020200000000003F40400000FC
:10B590000000FF00000000000000FF0000000002AB
:10B5A000027C800000000040403F0000000000805E
:10B5B0004040800000800000000000010100080001
:10B5C0000000180000000030000000FF0100010032
:10B5D00000FFFF0000010001FF0000004779726FCB
:10B5E0002063616C206661696C000000000000004F
:10B5F0000000000000000000000000004779726FAA
:10B600002073747265616D20657272000000000025
:10B610000000000000000000000000004D50552018
:10B620005057525F4D474D545F31000000000000FD
:10B63000000000000000000000000000494D5536E9
:10B640003630204759525F434F4E460000000000FD
:10B65000000000000000000000000000494D5536C9
:10B660003630205057525F4354524C0000000000C7
:10B67000000000000000000000000000494D5536A9
:10B68000363020636667206170706C7900000000BE
:10B69000000000000000000000000000494D553689
:10B6A0003630206C6F616420636667000000000024
:10B6B000000000000000000000000000494D553669
:10B6C0003630205057525F434F4E46000000000076
:10B6D0000000000000000000000000004779726FC9
:10B6E0002064697361626C65640000000000000002
:10B6F0000000000000000000000000000800000042
:10B70000180000000030000000200A40080000007F
:10B710000F00000000200A40040000000E0000009E
:10B7200000200A40100000001000000000200A4025
:10B73000200000001100000000200A40400000002E
:10B740001600000000200A408000000017000000E2
:10B7500000200A40000008002C00000000200A40E1
:10B76000000004002B00000000200A4000008000C0
:10B770003200000000200A40002000001D000000F0
:10B7800000000A40000000023600000000000A40ED
:10B79000008000002400000000000A40004000007B
:10B7A00023000000C82E002E802E3DB1C82E002E92
:10B7B000802E9103802EBCB0802EA303C82E002EB5
:10B7C000802E00B05030212E59F51030212E6AF510
:10B7D000802E3B03000000000819010022007500C4
:10B7E00000100010D100B343802E00C1802E00C194
:10B7F000802E00C1802E00C1802E00C1802E00C18D
:10B80000802E00C1802E00C1802E00C1802E00C17C
:10B81000802E00C1802E00C1802E00C1802E00C16C
:10B82000802E00C1802E00C1802E00C1802E00C15C
:10B83000802E00C1802E00C1802E00C1802E00C14C
:10B84000802E00C1802E00C1802E00C1802E00C13C
:10B85000802E00C1802E00C1802E00C1802E00C12C
:10B86000802E00C1802E00C1802E00C1802E00C11C
:10B87000802E00C1802E00C1802E00C1802E00C10C
:10B88000802E00C1802E00C1802E00C1802E00C1FC
:10B89000E05F000000000100000000000000000068
:10B8A0000000920000000000000000000000000006
:10B8B00000000000081900008800000000000000DF
:10B8C00005E0AA3805E09030FA0096004B09110017
:10B8D000110002002D01D47B3B01DB7A04003F7B89
:10B8E000CD6CC3048509C304ECE60C4601002700B7
:10B8F00019009600A00001000C00F03C00010100BE
:10B90000030001000E00000032000500EE060400F6
:10B91000C80000000400A805EE060004BC02B30045
:10B92000850700000000000000000000000000008B
:10B93000000000000000B4000100B9000100980000
:10B940000000000000000000010080000400000072
:10B9500000000000000000000000000000000000E7
:10B9600000000000000000000000000000000000D7
:10B9700000000000000000000000000000000000C7
:10B9800000000000000000000000000000000000B7
:10B990000000000000000000000000000000802EF9
:10B9A00000C1FD2DDE00EB00DA00000CFF0F0004EB
:10B9B000C0005BF5C9011EF280003FFF19F458F585
:10B9C00066F564F5C0F1F000E000CD01D301DB01C4
:10B9D000FF7FFF01E40074F7F300FA00FF3FCA03A2
:10B9E0006C3856FE44FDBC02F90600FC1202AE01A2
:10B9F00058FA9AFD7705BB02960195017F018201F5
:10BA00008901870188018A018C018F018D019201D2
:10BA10009101DD009F017E01DB00B601706926D334
:10BA20009C071F059D000008BC0537FAA201AA016A
:10BA3000A101A801A001A805B401B401CE00D00065
:10BA4000FC00C501FFFBB10000380030FDF5FCF53E
:10BA5000CD01A0005FFF0040FF0000806D0FEB00F4
:10BA60007FFFC2F568F7B3F1670F5B0F610F800FBF
:10BA700058F75BF7830F8600720F850FC6F17F0FB3
:10BA80006CF700E000FFD1F5870F8A0FFF03F03F4E
:10BA90008B008E009000B9002DF5CAF5CB0120F285
:10BAA0000000000000000000000000000000000096
:10BAB0000000000000000000000000000000000086
:10BAC0000000000000000000000000000000000076
:10BAD0000000000000000000000000000000000066
:10BAE0000000000000000000000000000000000056
:10BAF0000000000000000000000000000000000046
:10BB00000000000000000000000000000000000035
:10BB10000000000000000000000000000000000025
:10BB20000000000000000000000000000000000015
:10BB30000000000000000000000000000000000005
:10BB400000000000000000000000000000000000F5
:10BB500000000000000000000000000000000000E5
:10BB600000000000000000000000000000000000D5
:10BB70000000000000000000000000003050982E7F
:10BB8000D70E5032982EFA030030F07F002E002E90
:10BB9000D02E002E018008A2FB2F982EBA03212E52
:10BBA0001900012EEE0000B2072F012E190000B27D
:10BBB000032F01500352982E07CC012EDD0000B256
:10BBC000272F052E8A000552982EC7C1032EE900A3
:10BBD00040B2F07F082F012E190000B2042F003070
:10BBE000212EE900982EB4B1012E180000B2102FBA
:10BBF0000550982E4DC30550982E5AC7982EF9B46B
:10BC0000982E54B2982E67B6982E17B21030212E67
:10BC10007700012EEF0000B2042F982E7AB7003083
:10BC2000212EEF00012ED40004AE0B2F012EDD00DB
:10BC300000B2072F0552982E8E0E00B2022F103040
:10BC4000212E7D00012E7D000090902EF102012E0C
:10BC5000D70000B2042F982E2F0E0030212E7B002B
:10BC6000012E7B0000B2122F012ED4000090022F73
:10BC7000982E1F0E092D982E810D012ED4000490B0
:10BC8000022F5032982EFA030030212E7B00012E15
:10BC90007C0000B2902E0903012E7C0001310108C6
:10BCA00000B2042F982E47CB1030212E7700813020
:10BCB000012E7C00010800B2612F032E8900012EA5
:10BCC000D40098BC98B805B20F58232F0790095498
:10BCD0000030372F15410441DCBE44BEDCBA2C01D4
:10BCE00061000F564A0F0C2FD14294B8C142113057
:10BCF000052E6AF72CBD2FB980B20822982EC3B743
:10BD0000212D6130232ED400982EC3B70030212E70
:10BD10005AF5182DE17F5030982EFA030F52075034
:10BD2000504270300D5442427E82E26F80B24242F5
:10BD3000052F212ED4001030982EC3B7032D60306C
:10BD4000212ED400012ED4000690182F012E76004B
:10BD50000B540752E07F982E7AC1E16F081A4030E9
:10BD6000082F212ED4002030982EAFB75032982EB5
:10BD7000FA03052D982E380E0030212ED400003005
:10BD8000212E7C00182D012ED40003AA012F982EFD
:10BD9000450E012ED4003F8003A2012F002E022D5C
:10BDA000982E5B0E3030982ECEB70030212E7D00BD
:10BDB0005032982EFA03012E770000B2242F982ECD
:10BDC000F5CB032ED5001154010ABC848386212EA5
:10BDD000C901E0401352C4408240A8B9524243BE58
:10BDE0005342040A5042E17FF0314140F26F25BDD9
:10BDF0000808020AD07F982EA8CF06BCD16FE26F48
:10BE0000080A8042982E58B70030212EEE00212ECD
:10BE10007700212EDD00802EF4011A242200802ECE
:10BE2000EC011050FB7F982EF3035750FB6F01304D
:10BE300071541142420EFC2FC02E0142F05F802E41
:10BE400000C1FD2D01000000000000000000000006
:10BE50009A01340300000000000000000000000010
:10BE600000000000000000000000000000000000D2
:10BE700000000000000000000000000000000000C2
:10BE800000000000000000000000000000000000B2
:10BE900000000000000000000000000000000000A2
:10BEA0000000000000000000000000000000000092
:10BEB0000000000000000000000000000000000082
:10BEC0000000000000002050E77FF67F06320F2EB2
:10BED00061F5FE09C0B3042F17302F2EEF002D2E71
:10BEE00061F5F66FE76FE05FC82E2050E77FF67FC1
:10BEF00046300F2EA4F1BE0980B3062F0D2ED400BC
:10BF000084AF022F16302D2E7B0086302D2E60F54B
:10BF1000F66FE76FE05FC82E012E77F709BC0FB808
:10BF200000B21050FB7F10300B2F032E8A0096BCFE
:10BF30009FB840B2052F032E68F79EBC9FB840B251
:10BF4000072F032E7E004190012F982EDC03032C37
:10BF50000030212E7E00FB6FF05FB82E2050E07F76
:10BF6000FB7F002E2750982E3BC82950982EA7C83B
:10BF70000150982E55CCE16F2B50982EE0C9FB6FE5
:10BF80000030E05F212E7E00B82E735001305754F0
:10BF90001142420EFC2FB82E212E59F51030C02E22
:10BFA000212E4AF19050F77FE67FD57FC47FB37F83
:10BFB000A17F907F827F7B7F982E35B700B2902E35
:10BFC00097B0032E8F00072E9100052EB1003FBAC7
:10BFD0009FB8012EB100A3BD4C0A052EB10004BECE
:10BFE000BFB9CB0A4FBA22BD012EB300DC0A2FB96C
:10BFF000032EB8000ABE9A0ACFB99BBC012E970047
:10C000009FB8930A0FBC910A0FB8900A252E18000A
:10C01000052EC1F52EBD2EB9012E190031308A042E
:10C020000090072F012ED40004A2032F012E180028
:10C0300000B20C2F19500552982E4DB7052E7800DE
:10C0400080901030012F212E7800252EDD00982EB3
:10C050003EB700B202300130042F012E190000B2A9
:10C06000002F2130012EEA00081A0E2F232EEA009D
:10C0700033301B500B090140175646BE4B084C0A83
:10C0800001420A8015520142002E012E180000B212
:10C090001F2F032EC0F5F030480847AA7430072E32
:10C0A0007A0061224B1A052F072E66F5BFBDBFB976
:10C0B000C0900B2F1D562B30D242DB420104C242EE
:10C0C00004BDFE808184232E7A0002420232252E96
:10C0D00062F5052ED6008184252ED6000231252E4C
:10C0E00060F5052E8A000B50900880B20B2F052EAC
:10C0F000CAF5F03E9008252ECAF5052E59F5E03F09
:10C100009008252E59F5906FA16FB36FC46FD56F4E
:10C11000E66FF76F7B6F826F705FC82EC050907FA5
:10C12000E57FD47FC37FB17FA27F877FF67F7B7F50
:10C13000002E012E60F5607F982E35B70230636FB8
:10C140001552507F627F5A2C02321A0900B3142F05
:10C1500000B2032F092E180000910C2F437F982E58
:10C1600097B71F50028A02320430252E64F515520B
:10C17000506F436F4443252E60F5D908C0B2362F67
:10C18000982E3EB700B2062F012E190000B2022FE2
:10C19000506F00900A2F012E79000090192F103057
:10C1A000212E79000030982EDC03132D012EC3F5CB
:10C1B0000CBC0FB81230100403B0262521500352D6
:10C1C000982E4DB71030212EEE000230607F252EC4
:10C1D0007900606F0090052F0030212EEA00155085
:10C1E000212E64F51552232E60F50232506F009017
:10C1F000022F0330272E7800072E60F51A090091D0
:10C20000A32F19090091A02F906FA26FB16FC36F78
:10C21000D46FE56F7B6FF66F876F405FC82EC0509D
:10C22000E77FF67F26300F2E61F52F2E7C000F2E34
:10C230007C00BE09A27F807F80B3D57FC47FB37F9F
:10C24000917F7B7F0B2F23501A251240427F7482EF
:10C250001240527F002E0040607F982E6AD68130B7
:10C26000012E7C00010800B2422F032E8900012E0E
:10C27000890097BC06BC9FB80FB80090232ED80049
:10C28000103001302A2F032ED40044B2052F47B2BC
:10C2900000302D2F212E7C002B2D032EFDF59EBC72
:10C2A0009FB84090142F032EFCF599BC9FB8409086
:10C2B0000E2F032E49F125544A084090082F982E3E
:10C2C00035B700B21030032F5030212ED400102D7E
:10C2D000982EAFB70030212E7C000A2D052E69F76D
:10C2E0002DBD2FB980B2012F212E7D00232E7C0081
:10C2F000E031212E61F5F66FE76F806FA26FB36FAB
:10C30000C46FD56F7B6F916F405FC82E60510A2557
:10C310003688F47FEB7F0032315232301330982E62
:10C3200015CB0A253384D27F433005502D52982EE9
:10C3300095C1D26F2752982ED7C72A25B086C07FC5
:10C34000D37FAF842950F16F982E4DC82A25AE8A2D
:10C35000AA88F26E2B50C16FD36FF47F982EB6C8A7
:10C36000E06E00B2322F33548386F16FC37F043006
:10C370003030F47FD07FB27FE330C56F5640454107
:10C38000280803140EB408BC8240100A2F54260556
:10C39000917F4428A37F982ED9C008B93330530920
:10C3A000C16FD36FF46F831747406C15B26FBE092E
:10C3B000750B90424542510E32BC0289A16F7E86B8
:10C3C000F47FD07FB27F0430916FD62FEB6FA05EE9
:10C3D000B82E032E97001BBC60509FBC0CB8F07F9A
:10C3E00040B2EB7F2B2F032E7F004140012EC8006F
:10C3F000011A112F3758232EC8001041A07F388111
:10C400000141D07FB17F982E64CFD06F0780A16F9C
:10C410001142002EB16F01421130012EFC0000A824
:10C420000330CB224A25012E7F003C89355205542A
:10C43000982EC4CEC16FF06F982E95CF042D013089
:10C44000F06F982E95CFEB6FA05FB82E032EB30040
:10C450000232F030033130508A080808CB08E07F00
:10C4600080B2F37FDB7F252F032ECA004190042F7B
:10C470000130232ECA00982E3F03C0B2052F032E91
:10C48000DA0000304104232EDA00982E92B21025F3
:10C49000F06F00B2052F012EDA0002301004212EB9
:10C4A000DA0040B2012F232EC801DB6FE06FD05FAE
:10C4B000802E95CF0130E06F982E95CF1130232E2E
:10C4C000CA00DB6FD05FB82ED0500A253384555098
:10C4D000D27FE27F038CC07FBB7F0030055A395486
:10C4E0005141A57F967F807F982ED9C00530F57F7A
:10C4F0002025916F3B583D5C3B56982E67CCC16F11
:10C50000D56F52405043C17FD57F1025982EFEC96C
:10C510001025982E74C0866F3028926F828CA56F7C
:10C520006F52690E3954DB2F19A01530032F0030DC
:10C53000212E81010A2D012E810105284236212E4E
:10C540008101020E012F982EF30357501230014043
:10C55000982EFEC9516F0B5C8E0E3B6F5758023000
:10C56000212E9501456F2A8DD27FCB7F132F02306C
:10C570003F50D27FA80E0E2FC06F5354020051546B
:10C58000420E103059520230012F002E032D50421E
:10C5900042421230D27F80B2032F0030212E800120
:10C5A000122D012EC9000280052E80011130912824
:10C5B0000040252E8001100E052F012E7F010190D5
:10C5C000012F982EF303002EA0410190A67F902EFC
:10C5D000E3B4012E950100A8902EE3B45B5495803E
:10C5E000824080B202402D8C3F52967F902EC2B383
:10C5F000290E762F012EC900004081284552B33004
:10C60000982E0FCA5D54807F002EA140727F8280D9
:10C610008240607F982EFEC91025982E74C0626FEC
:10C6200005308740C0910430052F052E830180B26C
:10C630001430002F0430052EC900736F8140E24092
:10C640006904110FE1401630FE29CB40022F836FA1
:10C65000830F222F4756130F1230772F4954420E63
:10C660001230732F00910A2F012E8B0119A802306E
:10C670006C2F6350002E17420542682C12300B2598
:10C68000080F5030022F212E8301032D4030212E20
:10C6900083012B2E85015A2C123000912B25042F5B
:10C6A000635002301742172C0242982EFEC9102503
:10C6B000982E74C0052EC90081845B308240372ECD
:10C6C0008301020E072F5F52403062404140910EBD
:10C6D000012F212E830105302B2E85011230362C9F
:10C6E00016301525817F982EFEC91025982E74C00E
:10C6F00019A21630152F052E9701806F820E052F77
:10C70000012E86010628212E86010B2D032E87017E
:10C710005F544E289142002E8240900E012F212E10
:10C7200088010230132C0530C06F081CA80F16308A
:10C7300005305B50092F02802D2E820105420580B5
:10C74000002E02423E80002E06420230906F3E884C
:10C75000014004414C28014207801025244000403C
:10C7600000A8F522232944427A827E88434004416E
:10C7700000ABF523DF284342D9A0142F0090022FED
:10C78000D26F81B2052F6354062890428542092C4E
:10C7900002305B500380292E7E012B2E8201054240
:10C7A00012302B2E83014582002E40407A8202A057
:10C7B000082F63503B30154205423780372E7E01EB
:10C7C00005421230012EC900028C404084417A8C0F
:10C7D000040F032F012E8B0119A4042F2B2E82018D
:10C7E000982EF303123081906152082F6542654202
:10C7F0004380398482880542454285420543002EA4
:10C8000080410090902EE1B46554C16F804000B229
:10C8100043586950442F555CB7878C0F0D2E9601F5
:10C82000C440362F41568B0E2A2F0B52A10E0A2FD1
:10C83000052E8F011425982EFEC94B54020F695006
:10C8400005306554152F032E8E014D5C8E0F3A2F47
:10C85000052E8F01982EFEC94F54820F0530695066
:10C860006554302F6D521530428C454204302B2CCC
:10C8700084436B52428C002E85431530242C454254
:10C880008E0F202F0D2E8E01B10E1C2F232E8E0108
:10C890001A2D0E0E172FA10F152F232E8D01132DDC
:10C8A000982E74C04354C20E0A2F655004800B307A
:10C8B00006820B42798041401230252E8C010142C4
:10C8C00005306950655484824384BE8C844086411F
:10C8D00026299442BE8ED57F19A143400B2E8C0190
:10C8E0008440C7415D29272945428442C27F012FE8
:10C8F000C0B31D2F052E940199A0012F80B3132FD3
:10C9000080B3182FC0B3162F12400140927F982E8B
:10C9100074C0926F100F2030032F1030212E7E0133
:10C920000A2D212E7E01072D2030212E7E01032D80
:10C930001030212E7E01C26F012EC900BC840280FE
:10C9400082400040900ED56F022F1530982EF303D1
:10C9500041910530072F67503D802B2E8F010542F6
:10C960000480002E0542022C00300030A26F988A0D
:10C97000864080A7052F982EF303C030212E950105
:10C9800006251A25E26F768296405643510EFB2FFC
:10C99000BB6F305FB82E012EB8000131410840B2A4
:10C9A0002050F2300208FB7F0130102F052ECC0002
:10C9B0008190E07F032F232ECC00982E55B6982E21
:10C9C0001DB51025FB6FE06FE05F802E95CF982E90
:10C9D00095CF1030212ECC00FB6FE05FB82E0051B8
:10C9E0000558EB7F2A2589526F5A8950134106401A
:10C9F000B3011642CB160640F3021342650EF52F23
:10CA0000054014302C29044208A10030902E52B663
:10CA1000B388B08AB684A47FC47FB57FD57F927F68
:10CA200073300430554042408A17F3086B0190027E
:10CA300053B84B82ADBE717F450A0954847F982E4E
:10CA4000D9C0A36F7B54D042A37FF27F607F2025A3
:10CA5000716F755A7758795C7556982E67CCB16F9F
:10CA6000626F5042B17FB3301025982E0FCA846F89
:10CA70002029716F926FA56F76826A0E7330003035
:10CA8000D02FD26FD17FB47F982E2BB715BD0BB8A6
:10CA9000020AC26FC07F982E2BB715BD0BB8420A91
:10CAA000C06F081741188916E118D018A17F2725F3
:10CAB0001625982E79C08B54907FB3308240809099
:10CAC0000D2F7D52926F982E0FCAB26F900E062FC7
:10CAD0008B501430426F516F144212420142002EAB
:10CAE000316F982E74C0416F807F982E74C0826F12
:10CAF00010044352010F052ECB0000300430212FCB
:10CB0000516F43588C0E04301C2F8588416F0441AF
:10CB10008C0F0430162F8488002E044104058C0EDF
:10CB200004300F2F8288316F044104058C0E0430CD
:10CB3000082F8388002E04418C0F0430022F212EF1
:10CB4000AD0114300091142F032EA10141900E2F3E
:10CB5000032EAD0114304C28232EAD0146A0062F24
:10CB600081848D5248828240212EA10142425C2C58
:10CB70000230052EAA0180B20230552F032EA901E2
:10CB8000926FB330982E0FCAB26F900F0030023000
:10CB90004A2FA26F875291008552510E022F002E0C
:10CBA000432C0230C26F7F52910E02303C2F516FE6
:10CBB0008154982EFEC91025B3302125982E0FCA16
:10CBC000326FC07FB3301225982E0FCA426FB07FEC
:10CBD000B3301225982E0FCAB26F90288352982E28
:10CBE000FEC9C26F900F003002301D2F052EA1012B
:10CBF00080B212300F2F426F032EAB01910E023024
:10CC0000122F526F032EAC01910F02300C2F212EE8
:10CC1000AA010A2C1230032ECB008D5808894140FE
:10CC200011430043252EA101D46F8F5200433A894E
:10CC3000002E10431043610EFB2F032EA001111A8A
:10CC4000022F0225212EA001EB6F005FB82E91521A
:10CC500010300230955652424B0EFC2F8D54888274
:10CC6000935680425342404242868354C02EC24271
:10CC7000002EA3520051524047401A25012E970022
:10CC80008FBE7286FB7F0B307CBFA5501008DFBAC9
:10CC90007088F8BFCB42D37F6CBBFCBBC50A907FCA
:10CCA0001B7F0B43C0B2E57FB77FA67FC47F902E6A
:10CCB0001CB7072ED200C0B20B2F9752012ECD0009
:10CCC000827F982EBBCC0B30372ED200826F906FB4
:10CCD0001A2500B28B7F142FA6BD25BDB6B92FB97A
:10CCE00080B2D4B00C2F99549B560B300B2EB10050
:10CCF000A1589B42DB426C092B2EB1008B42CB42E8
:10CD0000867F7384A756C30839520550727F637FAC
:10CD1000982EC2C0E16F626FD10A012ECD00D56F8F
:10CD2000C46F726F97529D5C982E06CD236F906FE3
:10CD30009952C0B204BD5440AFB94540E17F0230C2
:10CD4000062FC0B20230032F9B5C12309443854300
:10CD500003BF6FBB80B3202F066F2601166F6E03D3
:10CD60004542C090292ECE009B52142F9B5C002E72
:10CD700093418641E304AE0780AB042F80910A2FD4
:10CD8000866F730F072F836FC0B2042F5442454242
:10CD90001230042C1130022C1130113002BC0FB8AB
:10CDA000D27F00B20A2F012EFC00052EC701101AF7
:10CDB000022F212EC701032D022C01300130B06F4C
:10CDC000982E95CFD16FA06F982E95CFE26F9F527E
:10CDD000012ECE00824050420C2C42421130232EB4
:10CDE000D2000130B06F982E95CFA06F0130982EF1
:10CDF00095CF002EFB6F005FB82E83860130003088
:10CE0000944024180600530E4F02F92FB82EA95251
:10CE1000002E604041400DBC98BCC02E010A0FB8E6
:10CE2000AB52533C524040404B00821626B901B8E9
:10CE30004140100897B80108C02E11300108438600
:10CE400025400440D8BE2C0B2211544203804B0EC7
:10CE5000F62FB82E9F501050AD52052ED300FB7FF9
:10CE6000002E13409342410EFB2F982EA5B7982E0B
:10CE700087CF012ED90000B2FB6F0B2F012E69F76F
:10CE8000B13F01080130F05F232ED900212E69F750
:10CE9000802E7AB7F05FB82E012EC0F8032EFCF575
:10CEA0001554AF5682080B2E69F7CB0AB158809003
:10CEB000DDBE4C085FB959228090072F0334C308A8
:10CEC000F23A0A080235C0904A0A4822C02E232EA0
:10CED000FCF51050FB7F982E56C7982E49C3103092
:10CEE000FB6FF05F212ECC00212ECA00B82E032E3E
:10CEF000D30016B802344A0C212E2DF5C02E232E55
:10CF0000D30003BC212ED500032ED50040B2103033
:10CF1000212E77000130052F052ED8008090012F9B
:10CF2000232E6FF5C02E212ED90011308108012E3D
:10CF30006AF7713F23BD0108020AC02E212E6AF74D
:10CF400030250030212E5AF51050212E7B00212E45
:10CF50007C00FB7F982EC3B74030212ED400FB6F9E
:10CF6000F05F0325802EAFB7802E00C1802E00C158
:10CF7000802E00C1802E00C1802E00C1802E00C1F5
:10CF8000802E00C1802E00C1802E00C1802E00C1E5
:10CF9000802E00C1802E00C1802E00C1802E00C1D5
:10CFA000802E00C1012E5DF708BC80AC0EBB022FA5
:10CFB000003041048206C0A40030112F40A9032F85
:10CFC00040910D2F00A70B2F80B3B358022F90A1D3
:10CFD0002613202380901030012FCC0E002F00301C
:10CFE000B82EB550180808BC88B60D17C6BD56BC7B
:10CFF000B758DABA04011D0A10500530322545032E
:10D00000FB7FF6302125982E37CA16B59ABC06B894
:10D0100080A8410A0E2F8090022F2D50480F092F13
:10D02000BFA0042FBF90062FB754CA0F032F002EA6
:10D03000022CB7522D52F233982ED9C0FB6FF13724
:10D04000C02E0108F05FBF56B954D040C4400B2E2B
:10D05000FDF3BF529042944295420530C1500F8873
:10D06000064004419642C54248BE73300D2ED8009A
:10D070004FBA8442034281B3022F2B2E6FF5062D47
:10D08000052E77F7BD569308252E77F7BB54252E2E
:10D09000C2F5072EFDF34230B433DA0A4C00272ED6
:10D0A000FDF34340D43FDC084342002E002E4340B2
:10D0B0002430DC0A43420480032EFDF34A0A232E67
:10D0C000FDF36134C02E0142002E60501A257A868D
:10D0D000E07FF37F0325C3524184DB7F3330982EFA
:10D0E00016C21A257D82F06FE26F322516409440F9
:10D0F000260185408E17C4426E039542410EF42FDF
:10D10000DB6FA05FB82EB051FB7F982EE80D5A253B
:10D11000982E0F0ECB583287C47F65896B8DC55A08
:10D12000657FE17F837FA67F747FD07FB67F947F0A
:10D130001730C752C954517F002E856F427F002E91
:10D1400051414581424113403B8A00404B04D00687
:10D15000C0AC857F022F02305104D30641840530D4
:10D160005D02C916DF08D3008D02AFBCB1B9590A00
:10D17000656F1143A1B4524153410143347F657F30
:10D180002631E56FD46F982E37CA326F756F8340A2
:10D190004241237F127FF63040255125982E37CA11
:10D1A000146F2005706F256F6907A26F316F0B3008
:10D1B00004429B428B425542327F40A9C36F717F2C
:10D1C0000230D040C37F032F4091152F00A7132FAB
:10D1D00000A4112F84BD982E79CA556FB7545441BD
:10D1E0008200F33F4541CB02F630982E37CA356FA7
:10D1F000A46F4143032C0043A46F356F1730426F77
:10D20000516F934042820041C3000343517F002E7F
:10D21000944041414C02C46FD156630E746F514328
:10D22000A57F8A2F092ED80001B3212FCB58906FEC
:10D230001341B66FE47F002E914114409241154096
:10D24000172E6FF5B67FD07FCB7F982E000C071579
:10D25000C26F140B292E6FF5C3A3C18FE46FD06F7B
:10D26000E62F1430052E6FF5140B292E6FF5182DAF
:10D27000CD560432B56F1C0151415241C340B57FB8
:10D28000E47F982E1F0CE46F218700430432CF54B3
:10D290005A0EEF2F1554092E77F7220B292E77F708
:10D2A000FB6F505EB82E1050012ED40000B2FB7FF1
:10D2B000512F01B2482F02B2422F0390562FD7525E
:10D2C00079804240818400404242982E930CD95488
:10D2D000D750A14098BD82403E82DA0A44408B1666
:10D2E000E3005342002E43409A025242002E414036
:10D2F00015544A0E3A2F3A8200304140212E850FB4
:10D3000040B20A2F982EB10C982E450E982E5B0E27
:10D31000FB6FF05F0030802ECEB7DD52D354424217
:10D320004F847330DB5283421B306B422330272EF5
:10D33000D700372ED400212ED6007A84172C4242F3
:10D340003030212ED400122D21300030232ED40075
:10D35000212E7BF70B2D1730982E510CD5500C82B7
:10D3600072302F2ED400252E7BF74042002EFB6F0B
:10D37000F05FB82E70500A253986FB7FE1326230AB
:10D38000982EC2C4B556A56FAB08916F4B08DF56F7
:10D39000C46F23094DBA93BC8C0BD16F0B09CB52D0
:10D3A000E15E5642AF094DBA23BD940AE56F68BBF2
:10D3B000EB08BDB963BEFB6F5242E30AC02E434285
:10D3C000905FD150032E25F3134000409BBC9BB4CB
:10D3D00008BDB8B998BCDA0A08B68916C02E19007B
:10D3E00062021050FB7F982E810D012ED400313047
:10D3F0000804FB6F0130F05F232ED600212ED700EA
:10D40000B82E012ED700032ED600480E012F802EF5
:10D410001F0EB82EE350213401428230C132252E36
:10D4200062F50100223001404A0A0142B82EE3545D
:10D43000F03B8340D808E5528342003083305042AD
:10D44000C432272E64F5940050424042D33F8440BA
:10D450007D82E30840428342B82EDD5200304042D4
:10D460007C86B952092E700FBF54C442D3865440F3
:10D47000554094428542212ED7004240252EFDF38F
:10D48000C0427E82052E7D0080B2142F052E8900B9
:10D4900027BD2FB98090022F212E6FF50C2D072E5E
:10D4A000710F14301C09052E77F7BD5647BE93083F
:10D4B000940A252E77F7E75450424A0EFC2FB82ED7
:10D4C000505002304386E550FB7FE37FD27FC07F20
:10D4D000B17F002E414000404804982E74C01EAA1F
:10D4E000D36F1430B16FE322C06F5240E46F4C0E23
:10D4F0001242D37FEB2F032E860F40901130032F63
:10D50000232E860F022C0030D06FFB6FB05FB82E39
:10D510004050F17F0A253C86EB7F41332230982E24
:10D52000C2C4D36FF430DC094758C26F9409EB587A
:10D530006ABBDC08B4B9B1BDE95A950821BDF6BF94
:10D54000770B51BEF16FEB6F52425442C02E4342F3
:10D55000C05F5050F55031301142FB7F7B300B42A1
:10D5600011300280233301420300072E8003052E71
:10D57000D3002352E27FD37FC07F982EB60ED16FA7
:10D58000080A1A257B86D07F01331230982EC2C438
:10D59000D16F080A00B20D2FE36F012E80035130C6
:10D5A000C786232E21F208BCC042982EA5B7002EB4
:10D5B000002ED02EB06F0BB8032E1B00081AB07FC0
:10D5C0007030042F212E21F2002E002ED02E982E06
:10D5D0006DC0982E5DC0ED50982E44CBEF50982E24
:10D5E00046C3F150982E53C73550982E64CF103053
:10D5F000982EDC032026C06F02311242AB330B425F
:10D60000378001300142F337F752FB504440A20A01
:10D6100042428B31092E5EF7F954E30883421B42E4
:10D6200023334B00BC840B40333083420B42E07FFA
:10D63000D17F982E58B7D16F803040420330E06FD1
:10D64000F3540430002E002E0189620EFA2F43425B
:10D650001130FB6FC02E0142B05FC14A00006D5710
:10D660000000778E0000E0FFFFFFD3FFFFFFE5FF24
:10D67000FFFFEEE1FFFF7C13000046E6FFFF000026
:10D68000000000000000000000000000000000009A
:10D69000000000000000000000000000000000008A
:10D6A000000000000000000000000000000000007A
:10D6B0000000000000000000802E00C1802E00C18C
:10D6C000802E00C1802E00C1802E00C1802E00C19E
:10D6D000802E00C1802E00C1802E00C1802E00C18E
:10D6E000802E00C1802E00C1802E00C1802E00C17E
:10D6F000802E00C1802E00C1802E00C1802E00C16E
:10D70000802E00C1802E00C1802E00C1802E00C15D
:10D71000802E00C1802E00C1802E00C1802E00C14D
:10D72000802E00C1802E00C1802E00C1802E00C13D
:10D73000802E00C1802E00C1802E00C1802E00C12D
:10D74000802E00C1802E00C1802E00C1802E00C11D
:10D75000802E00C1802E00C1802E00C1802E00C10D
:10D76000802E00C1802E00C1802E00C1802E00C1FD
:10D77000802E00C1802E00C1802E00C1802E00C1ED
:10D78000802E00C1802E00C1802E00C1802E00C1DD
:10D79000802E00C1802E00C1802E00C1802E00C1CD
:10D7A000802E00C100000A400100000000000000BF
:10D7B00004000000000086400000010100000A4053
:10D7C000020000000100000004000000000086408C
:10D7D0000102030000000A40000040002E0000008B
:10D7E00003000000000009400106070100000A4094
:10D7F000800000000D00000004000000000009404F
:10D8000000040500B80B000000000100080700003C
:10D8100000000A40000000013500000000000A403E
:10D82000000000400400000000000A40000000204A
:10D83000030000004D50553630353000494E4954F4
:10D840005F4354524C3000494E49545F4354524C4C
:10D85000310057484F3D32340057484F3D3638006D
:10D8600050726F6265204D50553630353040363835
:10D870000050726F6265204D50553630353040365D
:10D880003900494D553636305241004759525F52A2
:10D89000414E4745005057525F434F4E460047594F
:10D8A000525F434F4E46004759524F5F4346470031
:10D8B0005057525F4354524C005057525F4D474DA2
:10D8C000540057484F3D2530325800494E543D25AD
:10D8D0003032580025732072656164792062696175
:10D8E000733D2564004D5055363035304036382074
:10D8F000666F756E64004D505536303530403639A0
:10D9000020666F756E6400494D55363630524120A1
:10D91000666F756E64004779726F206E6F74206653
:10D920006F756E6400494E545F5354412072640019
:10D93000494D55363630206C6F6164206366670050
:10D9400025732063616C6962726174696E6700633C
:10D950006667206368756E6B00494D55363630201A
:10D96000636667206F6B00494D553636302063661D
:10D9700067206661696C004D5055206366672066BC
:10D9800061696C004779726F00494D553636302019
:10D990006366672073656E740025752F25750025F5
:10D9A000732063616C202532752F25327500476F17
:10D9B0003130303000526F75746532353000547537
:10D9C000726E4C3930005475726E523930004D6FA2
:10D9D000746F7231004D6F746F72320052756E2029
:10D9E000410052756E2042004172630049646C65CB
:10D9F00000446F6E65005072657061726500457815
:10DA00006563757465005133526F757465005134E8
:10DA1000526F7574650053656E736F720051324CAE
:10DA2000656674005132526967687400537472619C
:10DA30006967687400513A25752020503A2533757E
:10DA4000252500533A25356420503A253375252580
:10DA500000537465703A257520503A253375252595
:10DA6000005132204C2D522D4C00526F75746520A0
:10DA70003235302D4C2D52004F3A25346420253458
:10DA80006400563A2534642025346400523A253423
:10DA90006420413A25346400413A25346420423AF6
:10DAA00025346400433A25346420443A2534640024
:10DAB000533A25356420483A253464004C3A2534DD
:10DAC0006420523A25346400533A25356420543A90
:10DAD00025346400453A25356420563A25346400DF
:10DAE000483A25356420593A25346400483A2535AA
:10DAF0006420593A25356400476F20313030306D4D
:10DB00006D005461736B3A252D3873004C6173744A
:10DB10003A252D3973004268763A252D3973002055
:10DB20002052756E204D6F64652041002020527593
:10DB30006E204D6F6465204200332E2053656E7356
:10DB40006F7220446174610020204261636B003178
:10DB50002E2053797374656D2052756E00342E201B
:10DB600053657474696E677300202041726320549A
:10DB700065737400322E204D6F746F72205465737C
:10DB8000740020205374726169676874205465734F
:10DB90007400352E2041626F757400000000000093
:10DBA000C0DB000000002020280000002001000051
:10DBB000E8DB000028002020D01C00004801000005
:10DBC000100EFA00B400000060090000F40100002B
:10DBD000F40100004001770102004001A0000500AF
:08DBE0002C010C000000000004
:04000005000000C136
:00000001FF
